name,college,division,year,placing,placing_pct,yoe,last_div,avg_div,highest_div,lowest_div,last_placing,avg_placing,best_placing,worst_placing,new_runner,dnf_dq,rog_exp,last_rog,avg_rog,best_rog,worst_rog,avg_team_placing,last_team_placing,best_team_placing,worst_team_placing,college_avg_placing,college_last_placing,college_best_placing,college_worst_placing
AJ Kasturi,BNG,6,2026,0,,0,,,,,,,,,1,0.0,,,,,,0.5107954545454545,0.0,0.8181818181818182,0.0,2.25,5.0,1.0,5.0
Aaryn Chieng,Wright,1,2026,0,,0,,,,,,,,,1,0.0,1.0,0.8309143635472396,0.8309143635472396,0.8309143635472396,0.8309143635472396,0.38888888888888884,0.1111111111111111,0.6666666666666666,0.1111111111111111,8.25,6.0,6.0,11.0
Abbey Fishlock,Ursula,6,2026,0,,0,,,,,,,,,1,0.0,,,,,,0.5880681818181819,0.875,0.875,0.0,6.75,8.0,4.0,9.0
Abby Kidston,Bruce,6,2023,1,1.0,0,,,,,,,,,1,0.0,2.0,-0.4069452059948766,-0.0884726029974383,0.23,-0.4069452059948766,1.0,1.0,1.0,1.0,2.0,2.0,2.0,2.0
Abby Kidston,Wright,7,2025,3,0.8181818181818182,1,6.0,6.0,6.0,6.0,1.0,1.0,1.0,1.0,0,0.0,2.0,-0.4069452059948766,-0.0884726029974383,0.23,-0.4069452059948766,0.14444444444444446,0.0,0.3333333333333333,0.0,9.0,11.0,6.0,11.0
Abi Partridge,Lodge,5,2023,8,0.3,0,,,,,,,,,1,0.0,1.0,1.516488814360381,1.516488814360381,1.516488814360381,1.516488814360381,,,,,10.0,10.0,10.0,10.0
Abi Partridge,Lodge,3,2024,3,0.6,1,5.0,5.0,5.0,5.0,0.3,0.3,0.3,0.3,0,0.0,2.0,-0.12100082823668791,0.6977439930618465,1.516488814360381,-0.12100082823668791,,,,,8.0,6.0,6.0,10.0
Abi Partridge,Lodge,5,2025,2,0.9411764705882353,2,3.0,4.0,3.0,5.0,0.6,0.44999999999999996,0.6,0.3,0,0.0,2.0,-0.12100082823668791,0.6977439930618465,1.516488814360381,-0.12100082823668791,0.6115384615384616,0.9230769230769231,0.9230769230769231,0.3,8.0,8.0,6.0,10.0
Abigail McCarroll ,Ursula,7,2026,0,,0,,,,,,,,,1,0.0,,,,,,0.4861111111111111,1.0,1.0,0.0,6.75,8.0,4.0,9.0
Abigail Spark,Ursula,4,2026,0,,0,,,,,,,,,1,0.0,1.0,0.13530207946848313,0.13530207946848313,0.13530207946848313,0.13530207946848313,0.2589285714285714,0.0,0.75,0.0,6.75,8.0,4.0,9.0
Acorn Holmes a Court,Fenner,7,2024,2,0.875,0,,,,,,,,,1,0.0,,,,,,0.9,0.8,1.0,0.8,6.0,3.0,3.0,9.0
Adam Correa,Bruce,7,2022,3,0.7777777777777778,0,,,,,,,,,1,0.0,1.0,-0.29,-0.29,-0.29,-0.29,,,,,,,,
Adam Glanville,Griffin,4,2022,4,0.4,0,,,,,,,,,1,0.0,2.0,1.35,0.335,1.35,-0.68,,,,,,,,
Adam Glanville,Griffin,5,2023,DNF,0.0,1,4.0,4.0,4.0,4.0,0.4,0.4,0.4,0.4,0,0.0,4.0,0.9986633655543973,-0.132538368322222,1.35,-2.1988168388432854,0.375,0.375,0.375,0.375,3.0,3.0,3.0,3.0
Adam Scott,Yukeembruk,7,2024,DNF,0.0,0,,,,,,,,,1,0.0,,,,,,0.9,0.9,0.9,0.9,7.0,7.0,7.0,7.0
Adam Scott,Yukeembruk,6,2025,8,0.5625,1,7.0,7.0,7.0,7.0,0.0,0.0,0.0,0.0,0,1.0,,,,,,0.36363636363636365,0.0,0.7272727272727273,0.0,8.5,10.0,7.0,10.0
Adam Van Wessel,Ursula,6,2024,DNF,0.0,0,,,,,,,,,1,0.0,,,,,,0.7386363636363636,0.7272727272727273,0.75,0.7272727272727273,6.5,9.0,4.0,9.0
Adam Van Wessel,Ursula,4,2025,DNF,0.0,1,6.0,6.0,6.0,6.0,0.0,0.0,0.0,0.0,0,1.0,,,,,,0.3452380952380952,0.2857142857142857,0.75,0.0,6.333333333333333,6.0,4.0,9.0
Addison Eastway,Ursula,4,2024,6,0.2857142857142857,0,,,,,,,,,1,0.0,1.0,0.2862110494649948,0.2862110494649948,0.2862110494649948,0.2862110494649948,0.375,0.75,0.75,0.0,6.5,9.0,4.0,9.0
Adeline Perrott,Wamburun,4,2026,0,,0,,,,,,,,,1,0.0,1.0,-2.350300628319335,-2.350300628319335,-2.350300628319335,-2.350300628319335,0.6455357142857143,0.25,0.875,0.25,7.75,11.0,4.0,11.0
Aditya Singh Tejas,Wamburun,1,2026,0,,0,,,,,,,,,1,0.0,2.0,0.35610615580595983,-0.7226939118169766,0.35610615580595983,-1.801493979439913,0.3472222222222222,0.4444444444444444,0.4444444444444444,0.25,7.75,11.0,4.0,11.0
Adrian Gunawan,Toad,5,2026,0,,0,,,,,,,,,1,0.0,,,,,,,,,,,,,
Adrian Thompson,Ursula,4,2023,3,0.75,0,,,,,,,,,1,0.0,,,,,,0.0,0.0,0.0,0.0,4.0,4.0,4.0,4.0
Agalya Senthil-Kumar,Bruce,5,2025,3,0.8823529411764706,0,,,,,,,,,1,0.0,,,,,,0.7999999999999999,1.0,1.0,0.4,1.6666666666666667,1.0,1.0,2.0
Aidan Robinson,Div X5,5,2024,DNF,0.0,0,,,,,,,,,1,0.0,,,,,,,,,,,,,
Aidan Robinson,Div X5,6,2025,,,1,5.0,5.0,5.0,5.0,0.0,0.0,0.0,0.0,0,1.0,,,,,,,,,,,,,
Aimee Choi,Wright,6,2026,0,,0,,,,,,,,,1,0.0,1.0,-1.4481650336109033,-1.4481650336109033,-1.4481650336109033,-1.4481650336109033,0.3125,0.75,0.75,0.0,8.25,6.0,6.0,11.0
Airlie Brockhoff,Johns,6,2026,0,,0,,,,,,,,,1,0.0,1.0,0.5305665812865232,0.5305665812865232,0.5305665812865232,0.5305665812865232,0.5355113636363636,0.8125,0.875,0.0,5.25,4.0,4.0,7.0
Alana Degeling,Lodge,5,2024,2,0.9230769230769231,0,,,,,,,,,1,0.0,1.0,0.9866832746229557,0.9866832746229557,0.9866832746229557,0.9866832746229557,0.3,0.3,0.3,0.3,8.0,6.0,6.0,10.0
Alana Degeling,Lodge,1,2025,3,0.7777777777777778,1,5.0,5.0,5.0,5.0,0.9230769230769231,0.9230769230769231,0.9230769230769231,0.9230769230769231,0,0.0,2.0,-0.08005774146618132,0.4533127665783872,0.9866832746229557,-0.08005774146618132,0.75,0.75,0.75,0.75,8.0,8.0,6.0,10.0
Alana Henderson,Burgmann,5,2022,7,0.25,0,,,,,,,,,1,0.0,1.0,-0.08,-0.08,-0.08,-0.08,,,,,,,,
Alana Henderson,Burgmann,1,2023,DNF,0.0,1,5.0,5.0,5.0,5.0,0.25,0.25,0.25,0.25,0,0.0,2.0,-3.0,-1.54,-0.08,-3.0,,,,,8.0,8.0,8.0,8.0
Aleisha Knack,Burgmann,7,2022,2,0.8888888888888888,0,,,,,,,,,1,0.0,,,,,,,,,,,,,
Aleisha Knack,Burgmann,7,2023,8,0.3,1,7.0,7.0,7.0,7.0,0.8888888888888888,0.8888888888888888,0.8888888888888888,0.8888888888888888,0,0.0,1.0,-0.14055262181876685,-0.14055262181876685,-0.14055262181876685,-0.14055262181876685,0.8888888888888888,0.8888888888888888,0.8888888888888888,0.8888888888888888,8.0,8.0,8.0,8.0
Alex Bako,Bruce,6,2022,1,1.0,0,,,,,,,,,1,0.0,1.0,1.57,1.57,1.57,1.57,,,,,,,,
Alex Bako,Yukeembruk,5,2023,3,0.8,1,6.0,6.0,6.0,6.0,1.0,1.0,1.0,1.0,0,0.0,2.0,0.9714175885038993,1.2707087942519497,1.57,0.9714175885038993,,,,,,,,
Alex Bako,Yukeembruk,7,2024,DNF,0.0,2,5.0,5.5,5.0,6.0,0.8,0.9,1.0,0.8,0,0.0,3.0,-0.39615929529449406,0.7150860977364685,1.57,-0.39615929529449406,0.9,0.9,0.9,0.9,7.0,7.0,7.0,7.0
Alex Buyck,Ursula,5,2025,1,1.0,0,,,,,,,,,1,0.0,1.0,-0.1868013967544231,-0.1868013967544231,-0.1868013967544231,-0.1868013967544231,0.3974358974358974,0.6923076923076923,0.6923076923076923,0.0,6.333333333333333,6.0,4.0,9.0
Alex Cahill,Bruce,7,2024,8,0.125,0,,,,,,,,,1,0.0,1.0,0.06243814980184954,0.06243814980184954,0.06243814980184954,0.06243814980184954,0.6888888888888889,0.6,0.7777777777777778,0.6,2.0,2.0,2.0,2.0
Alex Chu,Wamburun,7,2023,6,0.5,0,,,,,,,,,1,0.0,1.0,1.102228455315594,1.102228455315594,1.102228455315594,1.102228455315594,0.2222222222222222,0.2222222222222222,0.2222222222222222,0.2222222222222222,7.0,7.0,7.0,7.0
Alex Dry,Wright,4,2024,DNF,0.0,0,,,,,,,,,1,0.0,2.0,0.15415763882111827,0.055367349988242234,0.15415763882111827,-0.04342293884463381,0.0,0.0,0.0,0.0,8.0,10.0,6.0,10.0
Alex Dry,Wright,2,2025,3,0.75,1,4.0,4.0,4.0,4.0,0.0,0.0,0.0,0.0,0,1.0,4.0,1.2542379496368405,0.36883577615273544,1.2542379496368405,-0.04342293884463381,0.0,0.0,0.0,0.0,9.0,11.0,6.0,11.0
Alex Dry,Toad,5,2026,0,,2,2.0,3.0,2.0,4.0,0.75,0.375,0.75,0.0,0,1.0,6.0,1.1234633340135833,0.5083123726631235,1.2542379496368405,-0.04342293884463381,,,,,,,,
Alex Kidston,Bruce,4,2025,DNF,0.0,0,,,,,,,,,1,0.0,,,,,,0.725,1.0,1.0,0.375,1.6666666666666667,1.0,1.0,2.0
Alex Leberne,Div X2,5,2023,,,0,,,,,,,,,1,0.0,2.0,0.11836010258422501,-0.42081994870788747,0.11836010258422501,-0.96,,,,,,,,
Alex Luk,Wright,4,2025,8,0.125,0,,,,,,,,,1,0.0,1.0,-0.8272633284838736,-0.8272633284838736,-0.8272633284838736,-0.8272633284838736,0.0,0.0,0.0,0.0,9.0,11.0,6.0,11.0
Alex Luk,Wright,6,2026,0,,1,4.0,4.0,4.0,4.0,0.125,0.125,0.125,0.125,0,0.0,2.0,-0.4575946732585769,-0.6424290008712252,-0.4575946732585769,-0.8272633284838736,0.3125,0.75,0.75,0.0,8.25,6.0,6.0,11.0
Alex Mirrlees-Black,Wright,7,2022,7,0.3333333333333333,0,,,,,,,,,1,0.0,1.0,0.57,0.57,0.57,0.57,,,,,,,,
Alex Mirrlees-Black,Wright,6,2024,DNF,0.0,1,7.0,7.0,7.0,7.0,0.3333333333333333,0.3333333333333333,0.3333333333333333,0.3333333333333333,0,0.0,2.0,-0.0640250631139856,0.2529874684430072,0.57,-0.0640250631139856,0.25,0.0,0.5,0.0,8.0,10.0,6.0,10.0
Alex Murray,Lodge,5,2026,0,,0,,,,,,,,,1,0.0,1.0,-0.10185662162234088,-0.10185662162234088,-0.10185662162234088,-0.10185662162234088,0.7214177978883862,0.9411764705882353,0.9411764705882353,0.3,8.5,10.0,6.0,10.0
Alex Perry-Dalton,Johns,4,2025,6,0.375,0,,,,,,,,,1,0.0,,,,,,0.3392857142857143,0.42857142857142855,0.42857142857142855,0.25,5.666666666666667,7.0,5.0,7.0
Alex Perry-Dalton,Johns,2,2026,0,,1,4.0,4.0,4.0,4.0,0.375,0.375,0.375,0.375,0,0.0,,,,,,0.5555555555555555,0.625,0.6666666666666666,0.375,5.25,4.0,4.0,7.0
Alex Smyth,Wamburun,3,2025,DNF,0.0,0,,,,,,,,,1,0.0,1.0,0.5070323626191483,0.5070323626191483,0.5070323626191483,0.5070323626191483,0.0,0.0,0.0,0.0,6.666666666666667,9.0,4.0,9.0
Alex Smyth,Wamburun,3,2026,0,,1,3.0,3.0,3.0,3.0,0.0,0.0,0.0,0.0,0,1.0,3.0,0.6886723820137391,0.5172703001462824,0.6886723820137391,0.35610615580595983,0.0,0.0,0.0,0.0,7.75,11.0,4.0,11.0
Alex Tanner,Bruce,6,2026,0,,0,,,,,,,,,1,0.0,,,,,,0.784375,0.9375,1.0,0.2,3.0,7.0,1.0,7.0
Alex Tatkovic,Wright,6,2023,DNF,0.0,0,,,,,,,,,1,0.0,,,,,,0.5,0.5,0.5,0.5,6.0,6.0,6.0,6.0
Alexander Brett,Bruce,6,2024,5,0.2,0,,,,,,,,,1,0.0,1.0,1.4811342570873987,1.4811342570873987,1.4811342570873987,1.4811342570873987,1.0,1.0,1.0,1.0,2.0,2.0,2.0,2.0
Alexander Harrison,Griffin,2,2023,DNF,0.0,0,,,,,,,,,1,0.0,2.0,0.9986633655543973,-0.35886324760715826,0.9986633655543973,-1.7163898607687138,,,,,3.0,3.0,3.0,3.0
Alexander Harrison,Griffin,2,2024,2,0.875,1,2.0,2.0,2.0,2.0,0.0,0.0,0.0,0.0,0,1.0,3.0,1.6522426261358407,0.3115053769738414,1.6522426261358407,-1.7163898607687138,0.0,0.0,0.0,0.0,5.5,8.0,3.0,8.0
Alexander Norman,Ursula,6,2022,3,0.75,0,,,,,,,,,1,0.0,1.0,-0.24,-0.24,-0.24,-0.24,,,,,,,,
Alexandru Dobos,BNG,7,2025,5,0.6363636363636364,0,,,,,,,,,1,0.0,,,,,,0.8518518518518517,1.0,1.0,0.5555555555555556,1.3333333333333333,2.0,1.0,2.0
Ali Bolt,Johns,4,2025,6,0.375,0,,,,,,,,,1,0.0,1.0,-0.3469168796867857,-0.3469168796867857,-0.3469168796867857,-0.3469168796867857,0.3392857142857143,0.42857142857142855,0.42857142857142855,0.25,5.666666666666667,7.0,5.0,7.0
Ali Elkins,Griffin,3,2025,3,0.75,0,,,,,,,,,1,0.0,1.0,0.8806351561279945,0.8806351561279945,0.8806351561279945,0.8806351561279945,1.0,1.0,1.0,1.0,5.333333333333333,5.0,3.0,8.0
Ali Seal,Johns,5,2026,0,,0,,,,,,,,,1,0.0,1.0,0.5305665812865232,0.5305665812865232,0.5305665812865232,0.5305665812865232,0.685237556561086,0.5294117647058824,1.0,0.46153846153846156,5.25,4.0,4.0,7.0
Alice Brenham,Yukeembruk,7,2025,10,0.18181818181818182,0,,,,,,,,,1,0.0,,,,,,0.45,0.0,0.9,0.0,8.5,10.0,7.0,10.0
Alice Gilbert,Ursula,7,2025,1,1.0,0,,,,,,,,,1,0.0,,,,,,0.3148148148148148,0.5,0.5,0.0,6.333333333333333,6.0,4.0,9.0
Alice Gilbert,Ursula,7,2026,0,,1,7.0,7.0,7.0,7.0,1.0,1.0,1.0,1.0,0,0.0,,,,,,0.4861111111111111,1.0,1.0,0.0,6.75,8.0,4.0,9.0
Alicia Fox,BNG,1,2024,2,0.875,0,,,,,,,,,1,0.0,2.0,-0.7324640883651461,-0.08727766910543977,0.5579087501542666,-0.7324640883651461,0.875,1.0,1.0,0.75,1.0,1.0,1.0,1.0
Alicia Kirwan,Ursula,7,2023,DNF,0.0,0,,,,,,,,,1,0.0,,,,,,0.4444444444444444,0.4444444444444444,0.4444444444444444,0.4444444444444444,4.0,4.0,4.0,4.0
Allegra Pirie,Johns,7,2024,6,0.375,0,,,,,,,,,1,0.0,,,,,,0.43333333333333335,0.2,0.6666666666666666,0.2,5.0,5.0,5.0,5.0
Allegra Pirie,Div X3,6,2025,,,1,7.0,7.0,7.0,7.0,0.375,0.375,0.375,0.375,0,0.0,1.0,-1.3609816049250825,-1.3609816049250825,-1.3609816049250825,-1.3609816049250825,,,,,,,,
Allen Chen,Div X3,5,2024,,,0,,,,,,,,,1,0.0,1.0,-0.9159030664036836,-0.9159030664036836,-0.9159030664036836,-0.9159030664036836,,,,,,,,
Alyssa De Leon,Yukeembruk,6,2025,8,0.5625,0,,,,,,,,,1,0.0,1.0,0.3597259273996393,0.3597259273996393,0.3597259273996393,0.3597259273996393,0.36363636363636365,0.0,0.7272727272727273,0.0,8.5,10.0,7.0,10.0
Alyssa de Leon,Yukeembruk,4,2026,0,,0,,,,,,,,,1,0.0,,,,,,0.3125,0.625,0.625,0.0,8.666666666666666,9.0,7.0,10.0
Amber McCulloch,Lodge,6,2024,DNF,0.0,0,,,,,,,,,1,0.0,1.0,-0.12100082823668791,-0.12100082823668791,-0.12100082823668791,-0.12100082823668791,0.3977272727272727,0.5454545454545454,0.5454545454545454,0.25,8.0,6.0,6.0,10.0
Amber McCulloch,Griffin,4,2025,2,0.875,1,6.0,6.0,6.0,6.0,0.0,0.0,0.0,0.0,0,1.0,3.0,0.8806351561279945,0.17363570717536392,0.8806351561279945,-0.23872720636521486,0.5125,0.625,0.625,0.4,5.333333333333333,5.0,3.0,8.0
Amber McCulloch,Griffin,4,2026,0,,2,4.0,5.0,4.0,6.0,0.875,0.4375,0.875,0.0,0,1.0,4.0,0.13530207946848313,0.1640523002486437,0.8806351561279945,-0.23872720636521486,0.6333333333333333,0.875,0.875,0.4,4.25,1.0,1.0,8.0
Amber Thomas,Fenner,1,2024,DNF,0.0,0,,,,,,,,,1,0.0,,,,,,0.25,0.25,0.25,0.25,6.0,3.0,3.0,9.0
Amber Thomas,Fenner,1,2025,5,0.5555555555555556,1,1.0,1.0,1.0,1.0,0.0,0.0,0.0,0.0,0,1.0,1.0,0.80856577772328,0.80856577772328,0.80856577772328,0.80856577772328,0.125,0.0,0.25,0.0,5.0,3.0,3.0,9.0
Amelia Duggan,Bruce,6,2025,2,0.9375,0,,,,,,,,,1,0.0,,,,,,0.7333333333333334,0.2,1.0,0.2,1.6666666666666667,1.0,1.0,2.0
Amelia Larcombe,Johns,6,2025,4,0.8125,0,,,,,,,,,1,0.0,,,,,,0.4431818181818182,0.0,0.875,0.0,5.666666666666667,7.0,5.0,7.0
Amelie Clarke,Lodge,7,2023,4,0.7,0,,,,,,,,,1,0.0,,,,,,,,,,10.0,10.0,10.0,10.0
Amelie Happe,Wamburun,7,2024,DNF,0.0,0,,,,,,,,,1,0.0,1.0,-0.426732458300917,-0.426732458300917,-0.426732458300917,-0.426732458300917,0.3611111111111111,0.5,0.5,0.2222222222222222,5.5,4.0,4.0,7.0
Amy Linderman,Johns,6,2022,2,0.875,0,,,,,,,,,1,0.0,,,,,,,,,,,,,
Amy McEachern,Burgmann,7,2022,2,0.8888888888888888,0,,,,,,,,,1,0.0,,,,,,,,,,,,,
Andie Comino,BNG,5,2025,6,0.7058823529411765,0,,,,,,,,,1,0.0,,,,,,0.7967948717948717,0.6153846153846154,0.9,0.6153846153846154,1.3333333333333333,2.0,1.0,2.0
Andrew De Montfort,Fenner,3,2024,4,0.4,0,,,,,,,,,1,0.0,1.0,0.15415763882111827,0.15415763882111827,0.15415763882111827,0.15415763882111827,0.125,0.25,0.25,0.0,6.0,3.0,3.0,9.0
Andrew De Montfort,Fenner,2,2025,6,0.375,1,3.0,3.0,3.0,3.0,0.4,0.4,0.4,0.4,0,0.0,2.0,-0.18885611188481033,-0.01734923653184603,0.15415763882111827,-0.18885611188481033,0.3611111111111111,0.75,0.75,0.0,5.0,3.0,3.0,9.0
Angela Rubie,Wamburun,4,2025,7,0.25,0,,,,,,,,,1,0.0,1.0,0.5070323626191483,0.5070323626191483,0.5070323626191483,0.5070323626191483,0.7773809523809524,0.8571428571428571,0.875,0.6,6.666666666666667,9.0,4.0,9.0
Angela Rubie,Wamburun,1,2026,0,,1,4.0,4.0,4.0,4.0,0.25,0.25,0.25,0.25,0,0.0,3.0,0.4035869765800878,-0.29695821341355894,0.5070323626191483,-1.801493979439913,0.3472222222222222,0.4444444444444444,0.4444444444444444,0.25,7.75,11.0,4.0,11.0
Angela Xie,Fenner,7,2025,8,0.36363636363636365,0,,,,,,,,,1,0.0,,,,,,0.8916666666666666,0.875,1.0,0.8,5.0,3.0,3.0,9.0
Angela Xie,Fenner,7,2026,0,,1,7.0,7.0,7.0,7.0,0.36363636363636365,0.36363636363636365,0.36363636363636365,0.36363636363636365,0,0.0,1.0,-0.536647573622185,-0.536647573622185,-0.536647573622185,-0.536647573622185,0.7596590909090909,0.36363636363636365,1.0,0.36363636363636365,4.5,3.0,3.0,9.0
Angus Crozier,Bruce,2,2022,1,1.0,0,,,,,,,,,1,0.0,1.0,0.04,0.04,0.04,0.04,,,,,,,,
Angus Murray,Bruce,7,2026,0,,0,,,,,,,,,1,0.0,,,,,,0.39842171717171715,0.09090909090909091,0.7777777777777778,0.09090909090909091,3.0,7.0,1.0,7.0
Angus Myerscough,Bruce,4,2022,2,0.8,0,,,,,,,,,1,0.0,1.0,-0.29,-0.29,-0.29,-0.29,,,,,,,,
Angus Myerscough,Bruce,6,2023,1,1.0,1,4.0,4.0,4.0,4.0,0.8,0.8,0.8,0.8,0,0.0,1.0,-0.29,-0.29,-0.29,-0.29,1.0,1.0,1.0,1.0,2.0,2.0,2.0,2.0
Angus Wong,Ursula,3,2026,0,,0,,,,,,,,,1,0.0,2.0,0.2538814300138952,-0.1460740044442883,0.2538814300138952,-0.5460294389024718,0.3375,0.0,0.75,0.0,6.75,8.0,4.0,9.0
Anish Singhal,Wright,6,2024,DNF,0.0,0,,,,,,,,,1,0.0,1.0,-0.16703568446074454,-0.16703568446074454,-0.16703568446074454,-0.16703568446074454,0.25,0.0,0.5,0.0,8.0,10.0,6.0,10.0
Anjali Lambotharan,Bruce,6,2024,5,0.2,0,,,,,,,,,1,0.0,1.0,1.4688036480973035,1.4688036480973035,1.4688036480973035,1.4688036480973035,1.0,1.0,1.0,1.0,2.0,2.0,2.0,2.0
Anna Callan,Fenner,5,2025,5,0.7647058823529411,0,,,,,,,,,1,0.0,,,,,,0.6730769230769231,0.8461538461538461,0.8461538461538461,0.5,5.0,3.0,3.0,9.0
Anna Cohen,Div X2,6,2023,,,0,,,,,,,,,1,0.0,1.0,0.4290553718678152,0.4290553718678152,0.4290553718678152,0.4290553718678152,,,,,,,,
Anna Ferguson,Johns,7,2026,0,,0,,,,,,,,,1,0.0,1.0,-0.2204359721677529,-0.2204359721677529,-0.2204359721677529,-0.2204359721677529,0.4922348484848485,0.7272727272727273,0.7272727272727273,0.2,5.25,4.0,4.0,7.0
Annabel Maple-Brown,Bruce,3,2023,1,1.0,0,,,,,,,,,1,0.0,1.0,-0.613699625169693,-0.613699625169693,-0.613699625169693,-0.613699625169693,0.2,0.2,0.2,0.2,2.0,2.0,2.0,2.0
Annabel Maple-Brown,Bruce,5,2024,1,1.0,1,3.0,3.0,3.0,3.0,1.0,1.0,1.0,1.0,0,0.0,2.0,1.4688036480973035,0.4275520114638052,1.4688036480973035,-0.613699625169693,0.7,0.4,1.0,0.4,2.0,2.0,2.0,2.0
Annabel Peak,Ursula,1,2025,DNF,0.0,0,,,,,,,,,1,0.0,,,,,,0.25,0.5,0.5,0.0,6.333333333333333,6.0,4.0,9.0
Annabel Plummer,Burgmann,4,2023,DNF,0.0,0,,,,,,,,,1,0.0,1.0,-0.14055262181876685,-0.14055262181876685,-0.14055262181876685,-0.14055262181876685,,,,,8.0,8.0,8.0,8.0
Annabel Plummer,Burgmann,4,2024,4,0.5714285714285714,1,4.0,4.0,4.0,4.0,0.0,0.0,0.0,0.0,0,1.0,1.0,-0.14055262181876685,-0.14055262181876685,-0.14055262181876685,-0.14055262181876685,0.0,0.0,0.0,0.0,9.5,11.0,8.0,11.0
Annabel Plummer,Burgmann,5,2025,7,0.6470588235294118,2,4.0,4.0,4.0,4.0,0.5714285714285714,0.2857142857142857,0.5714285714285714,0.0,0,1.0,2.0,0.45366053497502745,0.15655395657813032,0.45366053497502745,-0.14055262181876685,0.3397435897435897,0.7692307692307693,0.7692307692307693,0.0,7.666666666666667,4.0,4.0,11.0
Annabel Reith,Bruce,7,2026,0,,0,,,,,,,,,1,0.0,,,,,,0.39842171717171715,0.09090909090909091,0.7777777777777778,0.09090909090909091,3.0,7.0,1.0,7.0
Annabel Woolley,Ursula,7,2024,5,0.5,0,,,,,,,,,1,0.0,1.0,0.47163016788916096,0.47163016788916096,0.47163016788916096,0.47163016788916096,0.2222222222222222,0.0,0.4444444444444444,0.0,6.5,9.0,4.0,9.0
Annabel Woolley,Ursula,1,2025,DNF,0.0,1,7.0,7.0,7.0,7.0,0.5,0.5,0.5,0.5,0,0.0,2.0,-0.7738915008397528,-0.1511306664752959,0.47163016788916096,-0.7738915008397528,0.25,0.5,0.5,0.0,6.333333333333333,6.0,4.0,9.0
Annabelle Blunt,Fenner,6,2025,6,0.6875,0,,,,,,,,,1,0.0,1.0,-1.236149095973305,-1.236149095973305,-1.236149095973305,-1.236149095973305,0.5363636363636364,0.8,0.8,0.2727272727272727,5.0,3.0,3.0,9.0
Annabelle Blunt,Fenner,1,2026,0,,1,6.0,6.0,6.0,6.0,0.6875,0.6875,0.6875,0.6875,0,0.0,2.0,-0.1413830718041449,-0.688766083888725,-0.1413830718041449,-1.236149095973305,0.26851851851851855,0.5555555555555556,0.5555555555555556,0.0,4.5,3.0,3.0,9.0
Annabelle Daniels,Fenner,5,2023,6,0.5,0,,,,,,,,,1,0.0,,,,,,,,,,9.0,9.0,9.0,9.0
Annabeth Zhao,Yukeembruk,6,2024,DNF,0.0,0,,,,,,,,,1,0.0,1.0,-0.39615929529449406,-0.39615929529449406,-0.39615929529449406,-0.39615929529449406,0.7272727272727273,0.7272727272727273,0.7272727272727273,0.7272727272727273,7.0,7.0,7.0,7.0
Annabeth Zhao,Yukeembruk,7,2025,10,0.18181818181818182,1,6.0,6.0,6.0,6.0,0.0,0.0,0.0,0.0,0,1.0,2.0,-0.837180340130069,-0.6166698177122816,-0.39615929529449406,-0.837180340130069,0.45,0.0,0.9,0.0,8.5,10.0,7.0,10.0
Annabeth Zhao,Yukeembruk,6,2026,0,,2,7.0,6.5,6.0,7.0,0.18181818181818182,0.09090909090909091,0.18181818181818182,0.0,0,1.0,3.0,-0.8133327248948129,-0.6822241201064587,-0.39615929529449406,-0.837180340130069,0.42992424242424243,0.5625,0.7272727272727273,0.0,8.666666666666666,9.0,7.0,10.0
Annika Sommer,Wright,2,2025,3,0.75,0,,,,,,,,,1,0.0,1.0,-0.3469168796867857,-0.3469168796867857,-0.3469168796867857,-0.3469168796867857,0.0,0.0,0.0,0.0,9.0,11.0,6.0,11.0
Anouk Bennett,Johns,7,2024,6,0.375,0,,,,,,,,,1,0.0,1.0,-0.0846271873833374,-0.0846271873833374,-0.0846271873833374,-0.0846271873833374,0.43333333333333335,0.2,0.6666666666666666,0.2,5.0,5.0,5.0,5.0
Anousheh Moonen,Bruce,4,2024,1,1.0,0,,,,,,,,,1,0.0,1.0,0.06243814980184954,0.06243814980184954,0.06243814980184954,0.06243814980184954,0.5875,0.375,0.8,0.375,2.0,2.0,2.0,2.0
Antonin Bingelli,Lodge,6,2026,0,,0,,,,,,,,,1,0.0,,,,,,0.26515151515151514,0.0,0.5454545454545454,0.0,8.5,10.0,6.0,10.0
Archie Goodson,Griffin,3,2026,0,,0,,,,,,,,,1,0.0,,,,,,0.875,0.75,1.0,0.75,4.25,1.0,1.0,8.0
Archie Grainger,Johns,1,2022,DNF,0.0,0,,,,,,,,,1,0.0,1.0,0.09,0.09,0.09,0.09,,,,,,,,
Archie Grainger,Johns,1,2023,DNF,0.0,1,1.0,1.0,1.0,1.0,0.0,0.0,0.0,0.0,0,1.0,2.0,-0.4758633457198154,-0.1929316728599077,0.09,-0.4758633457198154,0.0,0.0,0.0,0.0,5.0,5.0,5.0,5.0
Archie Grainger,Johns,1,2024,6,0.375,2,1.0,1.0,1.0,1.0,0.0,0.0,0.0,0.0,0,2.0,4.0,0.18473080182754117,-0.07143993281890292,0.18473080182754117,-0.4758633457198154,0.0,0.0,0.0,0.0,5.0,5.0,5.0,5.0
Archie Horeman-Wren,Ursula,6,2022,3,0.75,0,,,,,,,,,1,0.0,,,,,,,,,,,,,
Archie Yarrow,BNG,3,2025,7,0.25,0,,,,,,,,,1,0.0,1.0,1.6065032894097522,1.6065032894097522,1.6065032894097522,1.6065032894097522,0.26666666666666666,0.0,0.8,0.0,1.3333333333333333,2.0,1.0,2.0
Archie Yarrow,BNG,3,2026,0,,1,3.0,3.0,3.0,3.0,0.25,0.25,0.25,0.25,0,0.0,2.0,0.33293433037750314,0.9697188098936277,1.6065032894097522,0.33293433037750314,0.2625,0.25,0.8,0.0,2.25,5.0,1.0,5.0
Ari Duchen,Div X1,6,2023,,,0,,,,,,,,,1,0.0,1.0,0.14439991180463374,0.14439991180463374,0.14439991180463374,0.14439991180463374,,,,,,,,
Arianne Bannister,Yukeembruk,4,2026,0,,0,,,,,,,,,1,0.0,1.0,-0.4971211234403809,-0.4971211234403809,-0.4971211234403809,-0.4971211234403809,0.3125,0.625,0.625,0.0,8.666666666666666,9.0,7.0,10.0
Ariel Vivian,Bruce,4,2026,0,,0,,,,,,,,,1,0.0,1.0,0.45151368092291516,0.45151368092291516,0.45151368092291516,0.45151368092291516,0.54375,0.0,1.0,0.0,3.0,7.0,1.0,7.0
Arland SC,Griffin,6,2026,0,,0,,,,,,,,,1,0.0,,,,,,0.5909090909090909,0.625,1.0,0.36363636363636365,4.25,1.0,1.0,8.0
Arthur Bond,Lodge,6,2023,6,0.5454545454545454,0,,,,,,,,,1,0.0,1.0,0.17014264746482338,0.17014264746482338,0.17014264746482338,0.17014264746482338,0.25,0.25,0.25,0.25,10.0,10.0,10.0,10.0
Arthur Bradley,Wamburun,1,2024,7,0.25,0,,,,,,,,,1,0.0,,,,,,,,,,5.5,4.0,4.0,7.0
Arthur Bradley,Wamburun,1,2025,6,0.4444444444444444,1,1.0,1.0,1.0,1.0,0.25,0.25,0.25,0.25,0,0.0,2.0,0.5070323626191483,0.20895921984757349,0.5070323626191483,-0.0891139229240013,0.25,0.25,0.25,0.25,6.666666666666667,9.0,4.0,9.0
Arthur Bradley,Wamburun,1,2026,0,,2,1.0,1.0,1.0,1.0,0.4444444444444444,0.3472222222222222,0.4444444444444444,0.25,0,0.0,2.0,0.5070323626191483,0.20895921984757349,0.5070323626191483,-0.0891139229240013,0.3472222222222222,0.4444444444444444,0.4444444444444444,0.25,7.75,11.0,4.0,11.0
Arthur Smart,BNG,2,2025,5,0.5,0,,,,,,,,,1,0.0,,,,,,0.5277777777777778,0.25,0.8333333333333334,0.25,1.3333333333333333,2.0,1.0,2.0
Ashlee Treagus,Bruce,6,2022,1,1.0,0,,,,,,,,,1,0.0,,,,,,,,,,,,,
Ashlee Treagus,Bruce,6,2023,1,1.0,1,6.0,6.0,6.0,6.0,1.0,1.0,1.0,1.0,0,0.0,,,,,,1.0,1.0,1.0,1.0,2.0,2.0,2.0,2.0
Ashleigh Elliss,Griffin,6,2025,7,0.625,0,,,,,,,,,1,0.0,1.0,0.5093392108408529,0.5093392108408529,0.5093392108408529,0.5093392108408529,0.5795454545454546,1.0,1.0,0.36363636363636365,5.333333333333333,5.0,3.0,8.0
Ashley Steele,BNG,3,2025,7,0.25,0,,,,,,,,,1,0.0,,,,,,0.26666666666666666,0.0,0.8,0.0,1.3333333333333333,2.0,1.0,2.0
Attasith Kajornrungsilp,Ursula,3,2023,2,0.75,0,,,,,,,,,1,0.0,,,,,,0.6,0.6,0.6,0.6,4.0,4.0,4.0,4.0
Ava Hookway,BNG,5,2022,2,0.875,0,,,,,,,,,1,0.0,1.0,-0.82,-0.82,-0.82,-0.82,,,,,,,,
Ava Hookway,BNG,2,2023,2,0.8333333333333334,1,5.0,5.0,5.0,5.0,0.875,0.875,0.875,0.875,0,0.0,2.0,0.9024994487789605,0.04124972438948027,0.9024994487789605,-0.82,0.5,0.5,0.5,0.5,1.0,1.0,1.0,1.0
Avian Doube-Villeneuve,Yukeembruk,3,2025,6,0.375,0,,,,,,,,,1,0.0,2.0,-0.6376959622084509,-0.27234232470008923,0.09301131280827245,-0.6376959622084509,0.8,0.8,0.8,0.8,8.5,10.0,7.0,10.0
Avital Gottheiner,Ursula,7,2024,5,0.5,0,,,,,,,,,1,0.0,,,,,,0.2222222222222222,0.0,0.4444444444444444,0.0,6.5,9.0,4.0,9.0
Bailey Stemple,Lodge,7,2026,0,,0,,,,,,,,,1,0.0,1.0,0.9258310831045632,0.9258310831045632,0.9258310831045632,0.9258310831045632,0.4492424242424242,0.2727272727272727,0.7,0.2727272727272727,8.5,10.0,6.0,10.0
Beatrix Dimsey,BNG,7,2024,1,1.0,0,,,,,,,,,1,0.0,1.0,-0.7324640883651461,-0.7324640883651461,-0.7324640883651461,-0.7324640883651461,0.7777777777777778,1.0,1.0,0.5555555555555556,1.0,1.0,1.0,1.0
Bella Parton,Wamburun,7,2025,6,0.5454545454545454,0,,,,,,,,,1,0.0,1.0,-1.6278407431456867,-1.6278407431456867,-1.6278407431456867,-1.6278407431456867,0.24074074074074073,0.0,0.5,0.0,6.666666666666667,9.0,4.0,9.0
Bella Thorne,Lodge,6,2022,7,0.25,0,,,,,,,,,1,0.0,,,,,,,,,,,,,
Bella Thorne,Lodge,6,2023,6,0.5454545454545454,1,6.0,6.0,6.0,6.0,0.25,0.25,0.25,0.25,0,0.0,1.0,0.17014264746482338,0.17014264746482338,0.17014264746482338,0.17014264746482338,0.25,0.25,0.25,0.25,10.0,10.0,10.0,10.0
Bella Thorne,Lodge,3,2024,3,0.6,2,6.0,6.0,6.0,6.0,0.5454545454545454,0.3977272727272727,0.5454545454545454,0.25,0,0.0,2.0,-0.12100082823668791,0.024570909614067736,0.17014264746482338,-0.12100082823668791,,,,,8.0,6.0,6.0,10.0
Bella Thorne,Lodge,5,2025,2,0.9411764705882353,3,3.0,5.0,3.0,6.0,0.6,0.46515151515151515,0.6,0.25,0,0.0,3.0,0.6589524942820664,0.23603143783673394,0.6589524942820664,-0.12100082823668791,0.6115384615384616,0.9230769230769231,0.9230769230769231,0.3,8.0,8.0,6.0,10.0
Bella Walley,Johns,6,2026,0,,0,,,,,,,,,1,0.0,1.0,0.5305665812865232,0.5305665812865232,0.5305665812865232,0.5305665812865232,0.5355113636363636,0.8125,0.875,0.0,5.25,4.0,4.0,7.0
Bella Yates,Ursula,1,2024,5,0.5,0,,,,,,,,,1,0.0,1.0,1.048489647431011,1.048489647431011,1.048489647431011,1.048489647431011,0.0,0.0,0.0,0.0,6.5,9.0,4.0,9.0
Bella Yates,Ursula,7,2025,1,1.0,1,1.0,1.0,1.0,1.0,0.5,0.5,0.5,0.5,0,0.0,3.0,0.6090813998016619,0.6325814238770723,1.048489647431011,0.24017322439854397,0.3148148148148148,0.5,0.5,0.0,6.333333333333333,6.0,4.0,9.0
Ben Anderson,BNG,4,2022,1,1.0,0,,,,,,,,,1,0.0,1.0,0.62,0.62,0.62,0.62,,,,,,,,
Ben C,Wamburun,5,2022,8,0.125,0,,,,,,,,,1,0.0,,,,,,,,,,,,,
Ben Campbell,Burgmann,3,2023,DNF,0.0,0,,,,,,,,,1,0.0,,,,,,,,,,8.0,8.0,8.0,8.0
Ben Campbell,Burgmann,6,2024,4,0.4,1,3.0,3.0,3.0,3.0,0.0,0.0,0.0,0.0,0,1.0,,,,,,0.0625,0.0,0.125,0.0,9.5,11.0,8.0,11.0
Ben Campbell,Burgmann,3,2025,4,0.625,2,6.0,4.5,3.0,6.0,0.4,0.2,0.4,0.0,0,1.0,,,,,,0.0,0.0,0.0,0.0,7.666666666666667,4.0,4.0,11.0
Ben Davidson,Johns,3,2026,0,,0,,,,,,,,,1,0.0,1.0,0.6886723820137391,0.6886723820137391,0.6886723820137391,0.6886723820137391,0.275,0.5,0.5,0.0,5.25,4.0,4.0,7.0
Ben Durkin,Div X2,5,2025,,,0,,,,,,,,,1,0.0,,,,,,,,,,,,,
Ben Fairbrother,Johns,2,2026,0,,0,,,,,,,,,1,0.0,1.0,0.6886723820137391,0.6886723820137391,0.6886723820137391,0.6886723820137391,0.5555555555555555,0.625,0.6666666666666666,0.375,5.25,4.0,4.0,7.0
Ben Grace,Wright,6,2022,5,0.5,0,,,,,,,,,1,0.0,2.0,1.28,0.255,1.28,-0.77,,,,,,,,
Ben Grace,Wright,1,2023,2,0.6666666666666666,1,6.0,6.0,6.0,6.0,0.5,0.5,0.5,0.5,0,0.0,4.0,-0.269108926544999,-0.0914261130722878,1.28,-0.77,,,,,6.0,6.0,6.0,6.0
Ben Hofmann,Bruce,5,2022,1,1.0,0,,,,,,,,,1,0.0,,,,,,,,,,,,,
Ben Hofmann,Bruce,2,2023,1,1.0,1,5.0,5.0,5.0,5.0,1.0,1.0,1.0,1.0,0,0.0,,,,,,1.0,1.0,1.0,1.0,2.0,2.0,2.0,2.0
Ben Hofmann,Bruce,5,2024,1,1.0,2,2.0,3.5,2.0,5.0,1.0,1.0,1.0,1.0,0,0.0,2.0,1.4688036480973035,1.371958331245592,1.4688036480973035,1.2751130143938807,0.7,0.4,1.0,0.4,2.0,2.0,2.0,2.0
Ben Noonan,Fenner,4,2025,3,0.75,0,,,,,,,,,1,0.0,1.0,-1.0865358125320916,-1.0865358125320916,-1.0865358125320916,-1.0865358125320916,0.8571428571428572,0.7142857142857143,1.0,0.7142857142857143,5.0,3.0,3.0,9.0
Ben Silke,Wamburun,4,2022,3,0.6,0,,,,,,,,,1,0.0,,,,,,,,,,,,,
Ben Silke,Div X2,4,2023,DNF,0.0,1,4.0,4.0,4.0,4.0,0.6,0.6,0.6,0.6,0,0.0,,,,,,,,,,,,,
Ben Tapsell,Div X2,5,2024,,,0,,,,,,,,,1,0.0,,,,,,,,,,,,,
Ben Vanstone,Johns,4,2024,5,0.42857142857142855,0,,,,,,,,,1,0.0,1.0,0.18473080182754117,0.18473080182754117,0.18473080182754117,0.18473080182754117,0.25,0.25,0.25,0.25,5.0,5.0,5.0,5.0
Ben Ward,Div X2,6,2025,,,0,,,,,,,,,1,0.0,,,,,,,,,,,,,
Benjamin Archibald,Bruce,3,2025,2,0.875,0,,,,,,,,,1,0.0,,,,,,0.39999999999999997,0.0,1.0,0.0,1.6666666666666667,1.0,1.0,2.0
Benjamin Fairbrother,Johns,2,2025,4,0.625,0,,,,,,,,,1,0.0,1.0,0.3597259273996393,0.3597259273996393,0.3597259273996393,0.3597259273996393,0.5208333333333333,0.375,0.6666666666666666,0.375,5.666666666666667,7.0,5.0,7.0
Benjamin Nolan,Burgmann,7,2022,2,0.8888888888888888,0,,,,,,,,,1,0.0,1.0,-1.01,-1.01,-1.01,-1.01,,,,,,,,
Benjamin Nolan,Burgmann,6,2023,DNF,0.0,1,7.0,7.0,7.0,7.0,0.8888888888888888,0.8888888888888888,0.8888888888888888,0.8888888888888888,0,0.0,1.0,-1.01,-1.01,-1.01,-1.01,0.125,0.125,0.125,0.125,8.0,8.0,8.0,8.0
Bianca Hoare,BNG,3,2026,0,,0,,,,,,,,,1,0.0,,,,,,0.2625,0.25,0.8,0.0,2.25,5.0,1.0,5.0
Billy Fuller,Burgmann,5,2024,4,0.7692307692307693,0,,,,,,,,,1,0.0,,,,,,0.125,0.0,0.25,0.0,9.5,11.0,8.0,11.0
Billy Fuller,Burgmann,7,2025,2,0.9090909090909091,1,5.0,5.0,5.0,5.0,0.7692307692307693,0.7692307692307693,0.7692307692307693,0.7692307692307693,0,0.0,,,,,,0.6462962962962963,0.75,0.8888888888888888,0.3,7.666666666666667,4.0,4.0,11.0
Blaize Steele,Bruce,2,2023,1,1.0,0,,,,,,,,,1,0.0,1.0,0.6957450296041441,0.6957450296041441,0.6957450296041441,0.6957450296041441,1.0,1.0,1.0,1.0,2.0,2.0,2.0,2.0
Blaize Steele,Bruce,2,2024,1,1.0,1,2.0,2.0,2.0,2.0,1.0,1.0,1.0,1.0,0,0.0,2.0,-0.9159030664036836,-0.11007901839976975,0.6957450296041441,-0.9159030664036836,1.0,1.0,1.0,1.0,2.0,2.0,2.0,2.0
Bradley Chan,BNG,3,2023,DNF,0.0,0,,,,,,,,,1,0.0,,,,,,0.8,0.8,0.8,0.8,1.0,1.0,1.0,1.0
Bradley Chan,BNG,2,2024,7,0.25,1,3.0,3.0,3.0,3.0,0.0,0.0,0.0,0.0,0,1.0,,,,,,0.6666666666666667,0.8333333333333334,0.8333333333333334,0.5,1.0,1.0,1.0,1.0
Braedy Jaugietis,Griffin,3,2022,1,1.0,0,,,,,,,,,1,0.0,1.0,0.66,0.66,0.66,0.66,,,,,,,,
Braedy Jaugietis,Griffin,1,2023,DNF,0.0,1,3.0,3.0,3.0,3.0,1.0,1.0,1.0,1.0,0,0.0,1.0,0.66,0.66,0.66,0.66,1.0,1.0,1.0,1.0,3.0,3.0,3.0,3.0
Braedy Jaugietis,Griffin,1,2024,1,1.0,2,1.0,2.0,1.0,3.0,0.0,0.5,1.0,0.0,0,1.0,2.0,1.8968279301872242,1.2784139650936122,1.8968279301872242,0.66,0.5,0.0,1.0,0.0,5.5,8.0,3.0,8.0
Brianna Wiseman,Griffin,5,2022,6,0.375,0,,,,,,,,,1,0.0,,,,,,,,,,,,,
Bridget Hinchliffe,Bruce,2,2026,0,,0,,,,,,,,,1,0.0,1.0,0.5305665812865232,0.5305665812865232,0.5305665812865232,0.5305665812865232,0.75,0.0,1.0,0.0,3.0,7.0,1.0,7.0
Bridget Lunn,Wright,1,2023,2,0.6666666666666666,0,,,,,,,,,1,0.0,,,,,,,,,,6.0,6.0,6.0,6.0
Bridget Lunn,Griffin,7,2024,4,0.625,1,1.0,1.0,1.0,1.0,0.6666666666666666,0.6666666666666666,0.6666666666666666,0.6666666666666666,0,0.0,,,,,,0.25555555555555554,0.4,0.4,0.1111111111111111,5.5,8.0,3.0,8.0
Brigid Webb,Ursula,6,2025,3,0.875,0,,,,,,,,,1,0.0,1.0,0.80856577772328,0.80856577772328,0.80856577772328,0.80856577772328,0.49242424242424243,0.0,0.75,0.0,6.333333333333333,6.0,4.0,9.0
Brigid Webb,Ursula,3,2026,0,,1,6.0,6.0,6.0,6.0,0.875,0.875,0.875,0.875,0,0.0,2.0,0.17482852965028714,0.4916971536867836,0.80856577772328,0.17482852965028714,0.3375,0.0,0.75,0.0,6.75,8.0,4.0,9.0
Brodie Mears,Bruce,3,2025,2,0.875,0,,,,,,,,,1,0.0,1.0,-1.136406907012496,-1.136406907012496,-1.136406907012496,-1.136406907012496,0.39999999999999997,0.0,1.0,0.0,1.6666666666666667,1.0,1.0,2.0
Brodie Mears,Bruce,5,2026,0,,1,3.0,3.0,3.0,3.0,0.875,0.875,0.875,0.875,0,0.0,2.0,1.6373071863770352,0.2504501396822696,1.6373071863770352,-1.136406907012496,0.8205882352941176,0.8823529411764706,1.0,0.4,3.0,7.0,1.0,7.0
Burnum Brademann,Wamburun,3,2024,DNF,0.0,0,,,,,,,,,1,0.0,1.0,0.3892216708117538,0.3892216708117538,0.3892216708117538,0.3892216708117538,,,,,5.5,4.0,4.0,7.0
Byron Banks,Johns,4,2026,0,,0,,,,,,,,,1,0.0,1.0,0.6886723820137391,0.6886723820137391,0.6886723820137391,0.6886723820137391,0.3511904761904762,0.375,0.42857142857142855,0.25,5.25,4.0,4.0,7.0
CJ Strang,Ursula,3,2024,DNF,0.0,0,,,,,,,,,1,0.0,,,,,,0.675,0.75,0.75,0.6,6.5,9.0,4.0,9.0
CJ Strang,Ursula,1,2025,DNF,0.0,1,3.0,3.0,3.0,3.0,0.0,0.0,0.0,0.0,0,1.0,,,,,,0.25,0.5,0.5,0.0,6.333333333333333,6.0,4.0,9.0
CJ Strang,Ursula,2,2026,0,,2,1.0,2.0,1.0,3.0,0.0,0.0,0.0,0.0,0,2.0,2.0,0.30862533503183187,-0.3906962705678046,0.30862533503183187,-1.090017876167441,0.25,0.0,0.5,0.0,6.75,8.0,4.0,9.0
Caleb Addison,Div X1,2,2024,,,0,,,,,,,,,1,0.0,2.0,2.1816064822453596,1.9008301931834688,2.1816064822453596,1.6200539041215778,,,,,,,,
Caleb Addison,Div X1,2,2025,,,1,2.0,2.0,2.0,2.0,,,,,0,0.0,3.0,2.2683026748751374,2.023321020414025,2.2683026748751374,1.6200539041215778,,,,,,,,
Caleb Neill,Fenner,7,2022,1,1.0,0,,,,,,,,,1,0.0,,,,,,,,,,,,,
Callum Bendall,Wamburun,7,2023,6,0.5,0,,,,,,,,,1,0.0,,,,,,0.2222222222222222,0.2222222222222222,0.2222222222222222,0.2222222222222222,7.0,7.0,7.0,7.0
Callum Bendall,Wamburun,3,2024,DNF,0.0,1,7.0,7.0,7.0,7.0,0.5,0.5,0.5,0.5,0,0.0,2.0,0.24500680092629126,0.18429563837049331,0.24500680092629126,0.12358447581469537,,,,,5.5,4.0,4.0,7.0
Callum Bendall,Wamburun,3,2025,DNF,0.0,2,3.0,5.0,3.0,7.0,0.0,0.25,0.5,0.0,0,1.0,3.0,-1.9842155131793728,-0.5385414121461287,0.24500680092629126,-1.9842155131793728,0.0,0.0,0.0,0.0,6.666666666666667,9.0,4.0,9.0
Callum Duncan-Keen,Burgmann,5,2022,7,0.25,0,,,,,,,,,1,0.0,1.0,-0.58,-0.58,-0.58,-0.58,,,,,,,,
Callum Duncan-Keen,Burgmann,3,2023,DNF,0.0,1,5.0,5.0,5.0,5.0,0.25,0.25,0.25,0.25,0,0.0,1.0,-0.58,-0.58,-0.58,-0.58,,,,,8.0,8.0,8.0,8.0
Callum Houston,Johns,2,2024,6,0.375,0,,,,,,,,,1,0.0,1.0,-0.22884205726879991,-0.22884205726879991,-0.22884205726879991,-0.22884205726879991,0.6666666666666666,0.6666666666666666,0.6666666666666666,0.6666666666666666,5.0,5.0,5.0,5.0
Callum Weppler,Wright,6,2022,5,0.5,0,,,,,,,,,1,0.0,,,,,,,,,,,,,
Callum Weppler,Wright,2,2023,DNF,0.0,1,6.0,6.0,6.0,6.0,0.5,0.5,0.5,0.5,0,0.0,1.0,-0.8893721840694482,-0.8893721840694482,-0.8893721840694482,-0.8893721840694482,,,,,6.0,6.0,6.0,6.0
Callum Weppler,Wright,3,2024,1,1.0,2,2.0,4.0,2.0,6.0,0.0,0.25,0.5,0.0,0,1.0,1.0,-0.8893721840694482,-0.8893721840694482,-0.8893721840694482,-0.8893721840694482,0.75,0.75,0.75,0.75,8.0,10.0,6.0,10.0
Cambell Moorman,Burgmann,5,2026,0,,0,,,,,,,,,1,0.0,,,,,,0.41657239819004527,0.6470588235294118,0.7692307692307693,0.0,6.25,2.0,2.0,11.0
Cameron Lunn,Wright,3,2026,0,,0,,,,,,,,,1,0.0,1.0,-0.4575946732585769,-0.4575946732585769,-0.4575946732585769,-0.4575946732585769,0.625,0.125,1.0,0.125,8.25,6.0,6.0,11.0
Cameron Tregaskis,Johns,7,2025,4,0.7272727272727273,0,,,,,,,,,1,0.0,1.0,-0.3469168796867857,-0.3469168796867857,-0.3469168796867857,-0.3469168796867857,0.4138888888888889,0.375,0.6666666666666666,0.2,5.666666666666667,7.0,5.0,7.0
Cameron Tregaskis,Johns,6,2026,0,,1,7.0,7.0,7.0,7.0,0.7272727272727273,0.7272727272727273,0.7272727272727273,0.7272727272727273,0,0.0,2.0,0.5305665812865232,0.09182485079986877,0.5305665812865232,-0.3469168796867857,0.5355113636363636,0.8125,0.875,0.0,5.25,4.0,4.0,7.0
Cameron Wallace,Lodge,4,2022,DNF,0.0,0,,,,,,,,,1,0.0,,,,,,,,,,,,,
Cameron Wallace,Lodge,2,2023,4,0.5,1,4.0,4.0,4.0,4.0,0.0,0.0,0.0,0.0,0,1.0,,,,,,,,,,10.0,10.0,10.0,10.0
Cameron Wallace,Lodge,3,2024,3,0.6,2,2.0,3.0,2.0,4.0,0.5,0.25,0.5,0.0,0,1.0,1.0,-0.12100082823668791,-0.12100082823668791,-0.12100082823668791,-0.12100082823668791,,,,,8.0,6.0,6.0,10.0
Campbell Chesney,Ursula,1,2023,DNF,0.0,0,,,,,,,,,1,0.0,,,,,,,,,,4.0,4.0,4.0,4.0
Campbell Chesney,Ursula,1,2024,5,0.5,1,1.0,1.0,1.0,1.0,0.0,0.0,0.0,0.0,0,1.0,1.0,1.357521511471288,1.357521511471288,1.357521511471288,1.357521511471288,0.0,0.0,0.0,0.0,6.5,9.0,4.0,9.0
Campbell Chesney,Ursula,2,2025,DNF,0.0,2,1.0,1.0,1.0,1.0,0.5,0.25,0.5,0.0,0,1.0,3.0,1.2542379496368405,1.0736136203032636,1.357521511471288,0.6090813998016619,0.5,0.5,0.5,0.5,6.333333333333333,6.0,4.0,9.0
Carl Herre,BNG,2,2026,0,,0,,,,,,,,,1,0.0,1.0,-0.8133327248948129,-0.8133327248948129,-0.8133327248948129,-0.8133327248948129,0.5208333333333334,0.5,0.8333333333333334,0.25,2.25,5.0,1.0,5.0
Carolina Machliss,Ursula,7,2025,1,1.0,0,,,,,,,,,1,0.0,1.0,0.24017322439854397,0.24017322439854397,0.24017322439854397,0.24017322439854397,0.3148148148148148,0.5,0.5,0.0,6.333333333333333,6.0,4.0,9.0
Caspar Bosscher,Burgmann,2,2026,0,,0,,,,,,,,,1,0.0,1.0,0.8309143635472396,0.8309143635472396,0.8309143635472396,0.8309143635472396,0.5,0.875,0.875,0.0,6.25,2.0,2.0,11.0
Caspian Nicholls,Ursula,4,2022,DQ,0.0,0,,,,,,,,,1,0.0,1.0,0.94,0.94,0.94,0.94,,,,,,,,
Caspian Nicholls,Ursula,4,2024,6,0.2857142857142857,1,4.0,4.0,4.0,4.0,0.0,0.0,0.0,0.0,0,1.0,2.0,0.47163016788916096,0.7058150839445805,0.94,0.47163016788916096,0.375,0.75,0.75,0.0,6.5,9.0,4.0,9.0
Chandan Kumar,Toad,6,2026,0,,0,,,,,,,,,1,0.0,1.0,-0.30862533503183187,-0.30862533503183187,-0.30862533503183187,-0.30862533503183187,,,,,,,,
Chapman Tanner,Ursula,1,2024,5,0.5,0,,,,,,,,,1,0.0,1.0,-0.426732458300917,-0.426732458300917,-0.426732458300917,-0.426732458300917,0.0,0.0,0.0,0.0,6.5,9.0,4.0,9.0
Char Symington,Wamburun,5,2025,10,0.47058823529411764,0,,,,,,,,,1,0.0,1.0,-1.9842155131793728,-1.9842155131793728,-1.9842155131793728,-1.9842155131793728,0.40320512820512816,0.38461538461538464,0.7,0.125,6.666666666666667,9.0,4.0,9.0
Charlie Cameron,Fenner,3,2024,4,0.4,0,,,,,,,,,1,0.0,1.0,-0.3655861322880712,-0.3655861322880712,-0.3655861322880712,-0.3655861322880712,0.125,0.25,0.25,0.0,6.0,3.0,3.0,9.0
Charlie Daniel,Ursula,3,2026,0,,0,,,,,,,,,1,0.0,,,,,,0.3375,0.0,0.75,0.0,6.75,8.0,4.0,9.0
Charlie Durkin,Burgmann,1,2023,DNF,0.0,0,,,,,,,,,1,0.0,1.0,-3.0,-3.0,-3.0,-3.0,,,,,8.0,8.0,8.0,8.0
Charlie Fitz,Wright,7,2025,3,0.8181818181818182,0,,,,,,,,,1,0.0,,,,,,0.14444444444444446,0.0,0.3333333333333333,0.0,9.0,11.0,6.0,11.0
Charlie Granger,Johns,5,2025,9,0.5294117647058824,0,,,,,,,,,1,0.0,,,,,,0.7371794871794872,0.46153846153846156,1.0,0.46153846153846156,5.666666666666667,7.0,5.0,7.0
Charlie Granger,Johns,5,2026,0,,1,5.0,5.0,5.0,5.0,0.5294117647058824,0.5294117647058824,0.5294117647058824,0.5294117647058824,0,0.0,1.0,0.6886723820137391,0.6886723820137391,0.6886723820137391,0.6886723820137391,0.685237556561086,0.5294117647058824,1.0,0.46153846153846156,5.25,4.0,4.0,7.0
Charlie Green,Wamburun,1,2025,6,0.4444444444444444,0,,,,,,,,,1,0.0,,,,,,0.25,0.25,0.25,0.25,6.666666666666667,9.0,4.0,9.0
Charlie Green,Wamburun,2,2026,0,,1,1.0,1.0,1.0,1.0,0.4444444444444444,0.4444444444444444,0.4444444444444444,0.4444444444444444,0,0.0,1.0,1.2107609297402635,1.2107609297402635,1.2107609297402635,1.2107609297402635,,,,,7.75,11.0,4.0,11.0
Charlie Jones,Lodge,5,2024,2,0.9230769230769231,0,,,,,,,,,1,0.0,1.0,0.9866832746229557,0.9866832746229557,0.9866832746229557,0.9866832746229557,0.3,0.3,0.3,0.3,8.0,6.0,6.0,10.0
Charlie Simmonds,Johns,3,2023,DNF,0.0,0,,,,,,,,,1,0.0,1.0,0.532620461629012,0.532620461629012,0.532620461629012,0.532620461629012,0.4,0.4,0.4,0.4,5.0,5.0,5.0,5.0
Charlie Simmonds,Johns,1,2024,6,0.375,1,3.0,3.0,3.0,3.0,0.0,0.0,0.0,0.0,0,1.0,2.0,0.18473080182754117,0.3586756317282766,0.532620461629012,0.18473080182754117,0.0,0.0,0.0,0.0,5.0,5.0,5.0,5.0
Charlie Tapsfield,Wamburun,5,2024,9,0.38461538461538464,0,,,,,,,,,1,0.0,,,,,,0.4125,0.7,0.7,0.125,5.5,4.0,4.0,7.0
Charlie Tapsfield,Wamburun,5,2025,10,0.47058823529411764,1,5.0,5.0,5.0,5.0,0.38461538461538464,0.38461538461538464,0.38461538461538464,0.38461538461538464,0,0.0,1.0,0.24017322439854397,0.24017322439854397,0.24017322439854397,0.24017322439854397,0.40320512820512816,0.38461538461538464,0.7,0.125,6.666666666666667,9.0,4.0,9.0
Charlotte Beardow,Fenner,4,2026,0,,0,,,,,,,,,1,0.0,2.0,-0.4180682230767729,-0.827108659525039,-0.4180682230767729,-1.236149095973305,0.8214285714285715,0.75,1.0,0.7142857142857143,4.5,3.0,3.0,9.0
Charlotte Bond,Bruce,6,2026,0,,0,,,,,,,,,1,0.0,,,,,,0.784375,0.9375,1.0,0.2,3.0,7.0,1.0,7.0
Charlotte Grant,Burgmann,2,2026,0,,0,,,,,,,,,1,0.0,,,,,,0.5,0.875,0.875,0.0,6.25,2.0,2.0,11.0
Charlotte Mcaleer,Wamburun,6,2025,8,0.5625,0,,,,,,,,,1,0.0,,,,,,0.45454545454545453,0.0,0.9090909090909091,0.0,6.666666666666667,9.0,4.0,9.0
Chelsea Armstrong,Wamburun,6,2025,8,0.5625,0,,,,,,,,,1,0.0,1.0,0.24017322439854397,0.24017322439854397,0.24017322439854397,0.24017322439854397,0.45454545454545453,0.0,0.9090909090909091,0.0,6.666666666666667,9.0,4.0,9.0
Chelsea Armstrong,Wamburun,5,2026,0,,1,6.0,6.0,6.0,6.0,0.5625,0.5625,0.5625,0.5625,0,0.0,1.0,0.24017322439854397,0.24017322439854397,0.24017322439854397,0.24017322439854397,0.42005090497737557,0.47058823529411764,0.7,0.125,7.75,11.0,4.0,11.0
Chelsea Madden,Wright,3,2023,2,0.75,0,,,,,,,,,1,0.0,1.0,0.2737077372260201,0.2737077372260201,0.2737077372260201,0.2737077372260201,,,,,6.0,6.0,6.0,6.0
Chelsea Stocks,Burgmann,6,2026,0,,0,,,,,,,,,1,0.0,,,,,,0.38125,1.0,1.0,0.0,6.25,2.0,2.0,11.0
Chen Yan,Fenner,4,2025,3,0.75,0,,,,,,,,,1,0.0,,,,,,0.8571428571428572,0.7142857142857143,1.0,0.7142857142857143,5.0,3.0,3.0,9.0
Chen Yan,Fenner,5,2026,0,,1,4.0,4.0,4.0,4.0,0.75,0.75,0.75,0.75,0,0.0,1.0,-0.536647573622185,-0.536647573622185,-0.536647573622185,-0.536647573622185,0.7036199095022625,0.7647058823529411,0.8461538461538461,0.5,4.5,3.0,3.0,9.0
Chloe Bracher,Fenner,7,2023,3,0.8,0,,,,,,,,,1,0.0,1.0,-3.0,-3.0,-3.0,-3.0,1.0,1.0,1.0,1.0,9.0,9.0,9.0,9.0
Chloe Woodburn,Bruce,1,2022,3,0.5,0,,,,,,,,,1,0.0,1.0,0.23,0.23,0.23,0.23,,,,,,,,
Chloe Woodburn,Bruce,3,2023,1,1.0,1,1.0,1.0,1.0,1.0,0.5,0.5,0.5,0.5,0,0.0,1.0,0.23,0.23,0.23,0.23,0.2,0.2,0.2,0.2,2.0,2.0,2.0,2.0
Chris Lovell,Burgmann,3,2026,0,,0,,,,,,,,,1,0.0,1.0,-1.090017876167441,-1.090017876167441,-1.090017876167441,-1.090017876167441,0.3125,0.625,0.625,0.0,6.25,2.0,2.0,11.0
Chris Mathur,Burgmann,3,2026,0,,0,,,,,,,,,1,0.0,1.0,0.6409910804507277,0.6409910804507277,0.6409910804507277,0.6409910804507277,0.3125,0.625,0.625,0.0,6.25,2.0,2.0,11.0
Chris Vanoyen,Griffin,5,2025,4,0.8235294117647058,0,,,,,,,,,1,0.0,,,,,,0.1875,0.0,0.375,0.0,5.333333333333333,5.0,3.0,8.0
Chris Vanoyen,Griffin,4,2026,0,,1,5.0,5.0,5.0,5.0,0.8235294117647058,0.8235294117647058,0.8235294117647058,0.8235294117647058,0,0.0,1.0,0.09577562928667914,0.09577562928667914,0.09577562928667914,0.09577562928667914,0.6333333333333333,0.875,0.875,0.4,4.25,1.0,1.0,8.0
Christian Piiroinen,Griffin,4,2025,2,0.875,0,,,,,,,,,1,0.0,1.0,0.8806351561279945,0.8806351561279945,0.8806351561279945,0.8806351561279945,0.5125,0.625,0.625,0.4,5.333333333333333,5.0,3.0,8.0
Christian Piiroinen,Griffin,6,2026,0,,1,4.0,4.0,4.0,4.0,0.875,0.875,0.875,0.875,0,0.0,2.0,0.13530207946848313,0.5079686177982388,0.8806351561279945,0.13530207946848313,0.5909090909090909,0.625,1.0,0.36363636363636365,4.25,1.0,1.0,8.0
Christina Lim,Wamburun,5,2022,8,0.125,0,,,,,,,,,1,0.0,1.0,-1.04,-1.04,-1.04,-1.04,,,,,,,,
Christina Lim,Div X2,4,2023,DNF,0.0,1,5.0,5.0,5.0,5.0,0.125,0.125,0.125,0.125,0,0.0,1.0,-1.04,-1.04,-1.04,-1.04,,,,,,,,
Christopher Bradley,Griffin,1,2022,1,1.0,0,,,,,,,,,1,0.0,,,,,,,,,,,,,
Christopher Bradley,Griffin,1,2023,DNF,0.0,1,1.0,1.0,1.0,1.0,1.0,1.0,1.0,1.0,0,0.0,1.0,0.17014264746482338,0.17014264746482338,0.17014264746482338,0.17014264746482338,1.0,1.0,1.0,1.0,3.0,3.0,3.0,3.0
Christopher Bradley,Griffin,1,2024,1,1.0,2,1.0,1.0,1.0,1.0,0.0,0.5,1.0,0.0,0,1.0,2.0,2.538864353322105,1.3545035003934642,2.538864353322105,0.17014264746482338,0.5,0.0,1.0,0.0,5.5,8.0,3.0,8.0
Christopher Bradley,Griffin,1,2025,1,1.0,3,1.0,1.0,1.0,1.0,1.0,0.6666666666666666,1.0,0.0,0,1.0,4.0,2.3545697066158198,1.3793093105944438,2.538864353322105,0.17014264746482338,0.6666666666666666,1.0,1.0,0.0,5.333333333333333,5.0,3.0,8.0
Christopher Bradley,Griffin,2,2026,0,,4,1.0,1.0,1.0,1.0,1.0,0.75,1.0,0.0,0,1.0,5.0,0.5305665812865232,1.2095607647328597,2.538864353322105,0.17014264746482338,0.625,1.0,1.0,0.0,4.25,1.0,1.0,8.0
Christopher Ross,Wamburun,7,2023,6,0.5,0,,,,,,,,,1,0.0,,,,,,0.2222222222222222,0.2222222222222222,0.2222222222222222,0.2222222222222222,7.0,7.0,7.0,7.0
Christopher Shannon,Burgmann,2,2023,DNF,0.0,0,,,,,,,,,1,0.0,,,,,,,,,,8.0,8.0,8.0,8.0
Christopher Shannon,Div X4,5,2025,,,1,2.0,2.0,2.0,2.0,0.0,0.0,0.0,0.0,0,1.0,,,,,,,,,,,,,
Cian Bowes,Yukeembruk,6,2024,DNF,0.0,0,,,,,,,,,1,0.0,,,,,,0.7272727272727273,0.7272727272727273,0.7272727272727273,0.7272727272727273,7.0,7.0,7.0,7.0
Cian Finn,Yukeembruk,6,2023,4,0.7272727272727273,0,,,,,,,,,1,0.0,1.0,0.9024994487789605,0.9024994487789605,0.9024994487789605,0.9024994487789605,,,,,,,,
Ciara Braine,Yukeembruk,6,2025,8,0.5625,0,,,,,,,,,1,0.0,1.0,-0.837180340130069,-0.837180340130069,-0.837180340130069,-0.837180340130069,0.36363636363636365,0.0,0.7272727272727273,0.0,8.5,10.0,7.0,10.0
Ciara Braine,Yukeembruk,3,2026,0,,1,6.0,6.0,6.0,6.0,0.5625,0.5625,0.5625,0.5625,0,0.0,2.0,-1.4062294776218731,-1.1217049088759712,-0.837180340130069,-1.4062294776218731,0.5875,0.375,0.8,0.375,8.666666666666666,9.0,7.0,10.0
Ciaran Lane,Div X1,5,2024,,,0,,,,,,,,,1,0.0,2.0,0.551608757904616,0.5938971546474123,0.6361855513902087,0.551608757904616,,,,,,,,
Claire Sonnek,Fenner,6,2025,6,0.6875,0,,,,,,,,,1,0.0,,,,,,0.5363636363636364,0.8,0.8,0.2727272727272727,5.0,3.0,3.0,9.0
Clancy Goodrum,BNG,7,2022,5,0.5555555555555556,0,,,,,,,,,1,0.0,1.0,0.28,0.28,0.28,0.28,,,,,,,,
Clancy Goodrum,BNG,7,2023,1,1.0,1,7.0,7.0,7.0,7.0,0.5555555555555556,0.5555555555555556,0.5555555555555556,0.5555555555555556,0,0.0,1.0,0.28,0.28,0.28,0.28,0.5555555555555556,0.5555555555555556,0.5555555555555556,0.5555555555555556,1.0,1.0,1.0,1.0
Clare McGirr,Bruce,3,2024,DNF,0.0,0,,,,,,,,,1,0.0,,,,,,0.6,1.0,1.0,0.2,2.0,2.0,2.0,2.0
Clare McGirr,Bruce,1,2025,7,0.3333333333333333,1,3.0,3.0,3.0,3.0,0.0,0.0,0.0,0.0,0,1.0,,,,,,0.4861111111111111,0.625,0.625,0.3333333333333333,1.6666666666666667,1.0,1.0,2.0
Clarissa Blum,Fenner,6,2023,9,0.2727272727272727,0,,,,,,,,,1,0.0,1.0,-3.0,-3.0,-3.0,-3.0,,,,,9.0,9.0,9.0,9.0
Clarissa Blum,Fenner,6,2024,2,0.8,1,6.0,6.0,6.0,6.0,0.2727272727272727,0.2727272727272727,0.2727272727272727,0.2727272727272727,0,0.0,2.0,-0.3655861322880712,-1.6827930661440356,-0.3655861322880712,-3.0,0.2727272727272727,0.2727272727272727,0.2727272727272727,0.2727272727272727,6.0,3.0,3.0,9.0
Claudia Biddle,Burgmann,7,2025,2,0.9090909090909091,0,,,,,,,,,1,0.0,,,,,,0.6462962962962963,0.75,0.8888888888888888,0.3,7.666666666666667,4.0,4.0,11.0
Claudia Petrie,Johns,3,2022,4,0.4,0,,,,,,,,,1,0.0,1.0,-0.58,-0.58,-0.58,-0.58,,,,,,,,
Claudia Petrie,Johns,3,2023,DNF,0.0,1,3.0,3.0,3.0,3.0,0.4,0.4,0.4,0.4,0,0.0,1.0,-0.58,-0.58,-0.58,-0.58,0.4,0.4,0.4,0.4,5.0,5.0,5.0,5.0
Claudia Zybenko,Burgmann,6,2023,DNF,0.0,0,,,,,,,,,1,0.0,1.0,-0.14055262181876685,-0.14055262181876685,-0.14055262181876685,-0.14055262181876685,0.125,0.125,0.125,0.125,8.0,8.0,8.0,8.0
Claudia Zybenko,Burgmann,1,2024,8,0.125,1,6.0,6.0,6.0,6.0,0.0,0.0,0.0,0.0,0,1.0,1.0,-0.14055262181876685,-0.14055262181876685,-0.14055262181876685,-0.14055262181876685,0.0,0.0,0.0,0.0,9.5,11.0,8.0,11.0
Claudia Zybenko,Burgmann,6,2025,1,1.0,2,1.0,3.5,1.0,6.0,0.125,0.0625,0.125,0.0,0,1.0,1.0,-0.14055262181876685,-0.14055262181876685,-0.14055262181876685,-0.14055262181876685,0.17500000000000002,0.4,0.4,0.0,7.666666666666667,4.0,4.0,11.0
Cohen Saunders,BNG,2,2022,2,0.5,0,,,,,,,,,1,0.0,1.0,0.52,0.52,0.52,0.52,,,,,,,,
Colette Paterson,BNG,6,2025,DNF,0.0,0,,,,,,,,,1,0.0,1.0,1.1576634390861116,1.1576634390861116,1.1576634390861116,1.1576634390861116,0.681060606060606,0.6,0.8181818181818182,0.6,1.3333333333333333,2.0,1.0,2.0
Connor McKay,Griffin,5,2025,4,0.8235294117647058,0,,,,,,,,,1,0.0,,,,,,0.1875,0.0,0.375,0.0,5.333333333333333,5.0,3.0,8.0
Connor Mckay,Griffin,3,2026,0,,0,,,,,,,,,1,0.0,1.0,0.6491459318319351,0.6491459318319351,0.6491459318319351,0.6491459318319351,0.875,0.75,1.0,0.75,4.25,1.0,1.0,8.0
Conor Ammett,BNG,4,2022,1,1.0,0,,,,,,,,,1,0.0,1.0,1.33,1.33,1.33,1.33,,,,,,,,
Conor Ammett,BNG,3,2023,DNF,0.0,1,4.0,4.0,4.0,4.0,1.0,1.0,1.0,1.0,0,0.0,2.0,0.4200724707043889,0.8750362353521945,1.33,0.4200724707043889,0.8,0.8,0.8,0.8,1.0,1.0,1.0,1.0
Conor Ammett,BNG,2,2024,7,0.25,2,3.0,3.5,3.0,4.0,0.0,0.5,1.0,0.0,0,1.0,3.0,-1.7108053045706793,0.013089055377903206,1.33,-1.7108053045706793,0.6666666666666667,0.8333333333333334,0.8333333333333334,0.5,1.0,1.0,1.0,1.0
Conor Oslington-Elliott,Div X1,4,2022,,,0,,,,,,,,,1,0.0,,,,,,,,,,,,,
Coral Onn,BNG,6,2026,0,,0,,,,,,,,,1,0.0,,,,,,0.5107954545454545,0.0,0.8181818181818182,0.0,2.25,5.0,1.0,5.0
Corbin Ellis,Fenner,5,2023,6,0.5,0,,,,,,,,,1,0.0,1.0,-0.33802706626993784,-0.33802706626993784,-0.33802706626993784,-0.33802706626993784,,,,,9.0,9.0,9.0,9.0
Corbin Ellis,Fenner,5,2024,3,0.8461538461538461,1,5.0,5.0,5.0,5.0,0.5,0.5,0.5,0.5,0,0.0,2.0,0.33759661685965575,-0.00021522470514104275,0.33759661685965575,-0.33802706626993784,0.5,0.5,0.5,0.5,6.0,3.0,3.0,9.0
Corey de Wit,Div X4,6,2025,,,0,,,,,,,,,1,0.0,,,,,,,,,,,,,
Cormac Kikkert,Griffin,5,2022,6,0.375,0,,,,,,,,,1,0.0,1.0,-1.2,-1.2,-1.2,-1.2,,,,,,,,
Cormac Kikkert,Griffin,7,2023,7,0.4,1,5.0,5.0,5.0,5.0,0.375,0.375,0.375,0.375,0,0.0,2.0,-1.7163898607687138,-1.4581949303843569,-1.2,-1.7163898607687138,0.1111111111111111,0.1111111111111111,0.1111111111111111,0.1111111111111111,3.0,3.0,3.0,3.0
Cormac O'Callaghan,Johns,3,2024,5,0.2,0,,,,,,,,,1,0.0,,,,,,0.2,0.0,0.4,0.0,5.0,5.0,5.0,5.0
Cyrill Wicaksono,Lodge,7,2025,9,0.2727272727272727,0,,,,,,,,,1,0.0,,,,,,0.5375,0.375,0.7,0.375,8.0,8.0,6.0,10.0
Damon Reynolds,Johns,1,2022,DNF,0.0,0,,,,,,,,,1,0.0,1.0,-1.82,-1.82,-1.82,-1.82,,,,,,,,
Damon Reynolds,Johns,1,2023,DNF,0.0,1,1.0,1.0,1.0,1.0,0.0,0.0,0.0,0.0,0,1.0,2.0,0.9714175885038993,-0.4242912057480504,0.9714175885038993,-1.82,0.0,0.0,0.0,0.0,5.0,5.0,5.0,5.0
Daniel Gibson,Toad,5,2026,0,,0,,,,,,,,,1,0.0,1.0,0.4510677973542158,0.4510677973542158,0.4510677973542158,0.4510677973542158,,,,,,,,
Daniel Hirst,Div X2,5,2025,,,0,,,,,,,,,1,0.0,,,,,,,,,,,,,
Daniel Martin,BNG,4,2023,5,0.5,0,,,,,,,,,1,0.0,1.0,0.5579087501542666,0.5579087501542666,0.5579087501542666,0.5579087501542666,1.0,1.0,1.0,1.0,1.0,1.0,1.0,1.0
Daniel Martin,Wright,3,2024,1,1.0,1,4.0,4.0,4.0,4.0,0.5,0.5,0.5,0.5,0,0.0,2.0,1.15150026877777,0.8547045094660183,1.15150026877777,0.5579087501542666,0.75,0.75,0.75,0.75,8.0,10.0,6.0,10.0
Daniel Martin,BNG,4,2024,7,0.14285714285714285,2,3.0,3.5,3.0,4.0,1.0,0.75,1.0,0.5,0,0.0,2.0,1.15150026877777,0.8547045094660183,1.15150026877777,0.5579087501542666,0.75,0.5,1.0,0.5,1.0,1.0,1.0,1.0
Daniel O'Neill,Div X7,6,2025,,,0,,,,,,,,,1,0.0,,,,,,,,,,,,,
Daniel Rice,Bruce,2,2022,1,1.0,0,,,,,,,,,1,0.0,1.0,0.04,0.04,0.04,0.04,,,,,,,,
Daniel Rice,Fenner,2,2023,5,0.3333333333333333,1,2.0,2.0,2.0,2.0,1.0,1.0,1.0,1.0,0,0.0,2.0,-3.0,-1.48,0.04,-3.0,0.0,0.0,0.0,0.0,9.0,9.0,9.0,9.0
Daniel Rice,Fenner,4,2024,3,0.7142857142857143,2,2.0,2.0,2.0,2.0,0.3333333333333333,0.6666666666666666,1.0,0.3333333333333333,0,0.0,3.0,0.7656208989495764,-0.7314597003501412,0.7656208989495764,-3.0,1.0,1.0,1.0,1.0,6.0,3.0,3.0,9.0
Darby Edgeworth,Div X3,5,2024,,,0,,,,,,,,,1,0.0,,,,,,,,,,,,,
Darcy Gilbert,Ursula,4,2024,6,0.2857142857142857,0,,,,,,,,,1,0.0,1.0,0.20380255238758768,0.20380255238758768,0.20380255238758768,0.20380255238758768,0.375,0.75,0.75,0.0,6.5,9.0,4.0,9.0
Darcy Gilbert,Ursula,3,2025,DNF,0.0,1,4.0,4.0,4.0,4.0,0.2857142857142857,0.2857142857142857,0.2857142857142857,0.2857142857142857,0,0.0,3.0,1.2542379496368405,0.7555354265825693,1.2542379496368405,0.20380255238758768,0.45,0.0,0.75,0.0,6.333333333333333,6.0,4.0,9.0
Darcy Waugh,Fenner,4,2026,0,,0,,,,,,,,,1,0.0,1.0,-0.4180682230767729,-0.4180682230767729,-0.4180682230767729,-0.4180682230767729,0.8214285714285715,0.75,1.0,0.7142857142857143,4.5,3.0,3.0,9.0
Darcy Webster-Jones,Burgmann,3,2023,DNF,0.0,0,,,,,,,,,1,0.0,1.0,-0.9690733399083408,-0.9690733399083408,-0.9690733399083408,-0.9690733399083408,,,,,8.0,8.0,8.0,8.0
Darcy Webster-Jones,Burgmann,1,2024,8,0.125,1,3.0,3.0,3.0,3.0,0.0,0.0,0.0,0.0,0,1.0,3.0,1.0896938959697147,0.19350327498224043,1.0896938959697147,-0.9690733399083408,0.0,0.0,0.0,0.0,9.5,11.0,8.0,11.0
Darcy Webster-Jones,Burgmann,2,2025,2,0.875,2,1.0,2.0,1.0,3.0,0.125,0.0625,0.125,0.0,0,1.0,5.0,0.5070323626191483,0.0400981505910792,1.0896938959697147,-0.9690733399083408,0.3125,0.625,0.625,0.0,7.666666666666667,4.0,4.0,11.0
Dasher Stewart,Fenner,4,2026,0,,0,,,,,,,,,1,0.0,1.0,0.29340788019569913,0.29340788019569913,0.29340788019569913,0.29340788019569913,0.8214285714285715,0.75,1.0,0.7142857142857143,4.5,3.0,3.0,9.0
David Stocks,Griffin,4,2023,4,0.625,0,,,,,,,,,1,0.0,1.0,1.5916808460283485,1.5916808460283485,1.5916808460283485,1.5916808460283485,0.4,0.4,0.4,0.4,3.0,3.0,3.0,3.0
Dean Pham,Wamburun,3,2024,DNF,0.0,0,,,,,,,,,1,0.0,2.0,0.24500680092629126,0.09257614935122459,0.24500680092629126,-0.059854502223842095,,,,,5.5,4.0,4.0,7.0
Deklyn Reid,Ursula,4,2024,6,0.2857142857142857,0,,,,,,,,,1,0.0,1.0,0.2862110494649948,0.2862110494649948,0.2862110494649948,0.2862110494649948,0.375,0.75,0.75,0.0,6.5,9.0,4.0,9.0
Diego Falconer,Griffin,7,2026,0,,0,,,,,,,,,1,0.0,,,,,,0.3976641414141414,0.45454545454545453,0.625,0.1111111111111111,4.25,1.0,1.0,8.0
Digby Greenway,BNG,5,2026,0,,0,,,,,,,,,1,0.0,1.0,-0.8133327248948129,-0.8133327248948129,-0.8133327248948129,-0.8133327248948129,0.774066742081448,0.7058823529411765,0.9,0.6153846153846154,2.25,5.0,1.0,5.0
Dine Yoo,Lodge,6,2022,7,0.25,0,,,,,,,,,1,0.0,1.0,-0.87,-0.87,-0.87,-0.87,,,,,,,,
Dominique Lee,Wright,2,2023,DNF,0.0,0,,,,,,,,,1,0.0,1.0,0.2737077372260201,0.2737077372260201,0.2737077372260201,0.2737077372260201,,,,,6.0,6.0,6.0,6.0
Dorothea Lam,BNG,6,2026,0,,0,,,,,,,,,1,0.0,1.0,-2.671075883439601,-2.671075883439601,-2.671075883439601,-2.671075883439601,0.5107954545454545,0.0,0.8181818181818182,0.0,2.25,5.0,1.0,5.0
Douglas Shuttleworth,Ursula,4,2025,DNF,0.0,0,,,,,,,,,1,0.0,,,,,,0.3452380952380952,0.2857142857142857,0.75,0.0,6.333333333333333,6.0,4.0,9.0
Douglas Shuttleworth,Ursula,5,2026,0,,1,4.0,4.0,4.0,4.0,0.0,0.0,0.0,0.0,0,1.0,2.0,0.2538814300138952,-0.4309589290890562,0.2538814300138952,-1.1157992881920076,0.5480769230769231,1.0,1.0,0.0,6.75,8.0,4.0,9.0
Drew Davison,Wright,3,2025,8,0.125,0,,,,,,,,,1,0.0,1.0,1.094122466704478,1.094122466704478,1.094122466704478,1.094122466704478,0.875,1.0,1.0,0.75,9.0,11.0,6.0,11.0
Drew Davison,Wright,2,2026,0,,1,3.0,3.0,3.0,3.0,0.125,0.125,0.125,0.125,0,0.0,2.0,0.8309143635472396,0.9625184151258588,1.094122466704478,0.8309143635472396,0.375,0.75,0.75,0.0,8.25,6.0,6.0,11.0
Duncan Currie,Bruce,4,2023,6,0.375,0,,,,,,,,,1,0.0,2.0,2.211944103552798,1.5359720517763988,2.211944103552798,0.86,0.8,0.8,0.8,0.8,2.0,2.0,2.0,2.0
Duncan Currie,Bruce,5,2025,3,0.8823529411764706,1,4.0,4.0,4.0,4.0,0.375,0.375,0.375,0.375,0,0.0,2.0,2.211944103552798,1.5359720517763988,2.211944103552798,0.86,0.7999999999999999,1.0,1.0,0.4,1.6666666666666667,1.0,1.0,2.0
Duncan Currie,Bruce,3,2026,0,,2,5.0,4.5,4.0,5.0,0.8823529411764706,0.6286764705882353,0.8823529411764706,0.375,0,0.0,3.0,1.6373071863770352,1.569750429976611,2.211944103552798,0.86,0.51875,0.875,1.0,0.0,3.0,7.0,1.0,7.0
Duncan Loane,Wright,1,2023,2,0.6666666666666666,0,,,,,,,,,1,0.0,,,,,,,,,,6.0,6.0,6.0,6.0
Duncan Loane,Wright,3,2024,1,1.0,1,1.0,1.0,1.0,1.0,0.6666666666666666,0.6666666666666666,0.6666666666666666,0.6666666666666666,0,0.0,2.0,1.15150026877777,0.6528289537994442,1.15150026877777,0.15415763882111827,0.75,0.75,0.75,0.75,8.0,10.0,6.0,10.0
Dylan Hull,Griffin,2,2026,0,,0,,,,,,,,,1,0.0,1.0,1.5977807361952312,1.5977807361952312,1.5977807361952312,1.5977807361952312,0.625,1.0,1.0,0.0,4.25,1.0,1.0,8.0
Dylan McHatton,Lodge,6,2024,DNF,0.0,0,,,,,,,,,1,0.0,,,,,,0.3977272727272727,0.5454545454545454,0.5454545454545454,0.25,8.0,6.0,6.0,10.0
Dylan McHatton,Lodge,5,2026,0,,1,6.0,6.0,6.0,6.0,0.0,0.0,0.0,0.0,0,1.0,,,,,,0.7214177978883862,0.9411764705882353,0.9411764705882353,0.3,8.5,10.0,6.0,10.0
E Wen Wong,BNG,3,2022,2,0.8,0,,,,,,,,,1,0.0,,,,,,,,,,,,,
E Wen Wong,Griffin,6,2025,7,0.625,1,3.0,3.0,3.0,3.0,0.8,0.8,0.8,0.8,0,0.0,,,,,,0.5795454545454546,1.0,1.0,0.36363636363636365,5.333333333333333,5.0,3.0,8.0
Ed Mackinnon,Johns,3,2022,4,0.4,0,,,,,,,,,1,0.0,1.0,-0.01,-0.01,-0.01,-0.01,,,,,,,,
Ed Mackinnon,Johns,2,2023,3,0.6666666666666666,1,3.0,3.0,3.0,3.0,0.4,0.4,0.4,0.4,0,0.0,2.0,-0.13127264709512143,-0.07063632354756072,-0.01,-0.13127264709512143,,,,,5.0,5.0,5.0,5.0
Ed Mackinnon,Johns,1,2024,6,0.375,2,2.0,2.5,2.0,3.0,0.6666666666666666,0.5333333333333333,0.6666666666666666,0.4,0,0.0,3.0,0.09301131280827245,-0.016087111428949665,0.09301131280827245,-0.13127264709512143,0.0,0.0,0.0,0.0,5.0,5.0,5.0,5.0
Ed Wilson-Brown,Ursula,3,2024,DNF,0.0,0,,,,,,,,,1,0.0,1.0,0.2862110494649948,0.2862110494649948,0.2862110494649948,0.2862110494649948,0.675,0.75,0.75,0.6,6.5,9.0,4.0,9.0
Edward Barrow,BNG,2,2022,2,0.5,0,,,,,,,,,1,0.0,1.0,-0.05,-0.05,-0.05,-0.05,,,,,,,,
Edward Johnstone,Bruce,1,2024,4,0.625,0,,,,,,,,,1,0.0,1.0,2.0191205822129157,2.0191205822129157,2.0191205822129157,2.0191205822129157,0.41666666666666663,0.3333333333333333,0.5,0.3333333333333333,2.0,2.0,2.0,2.0
Edward Johnstone,Bruce,3,2025,2,0.875,1,1.0,1.0,1.0,1.0,0.625,0.625,0.625,0.625,0,0.0,1.0,2.0191205822129157,2.0191205822129157,2.0191205822129157,2.0191205822129157,0.39999999999999997,0.0,1.0,0.0,1.6666666666666667,1.0,1.0,2.0
Edward Johnstone,Bruce,2,2026,0,,2,3.0,2.0,1.0,3.0,0.875,0.75,0.875,0.625,0,0.0,2.0,1.3606220351044072,1.6898713086586614,2.0191205822129157,1.3606220351044072,0.75,0.0,1.0,0.0,3.0,7.0,1.0,7.0
Eilif Storaunet Sandvik,Johns,1,2022,DNF,0.0,0,,,,,,,,,1,0.0,1.0,0.09,0.09,0.09,0.09,,,,,,,,
Eilif Storaunet Sandvik,Johns,3,2023,DNF,0.0,1,1.0,1.0,1.0,1.0,0.0,0.0,0.0,0.0,0,1.0,2.0,0.35115433097945015,0.22057716548972506,0.35115433097945015,0.09,0.4,0.4,0.4,0.4,5.0,5.0,5.0,5.0
Eleanor Bock,Ursula,5,2025,1,1.0,0,,,,,,,,,1,0.0,1.0,-0.02668591382206044,-0.02668591382206044,-0.02668591382206044,-0.02668591382206044,0.3974358974358974,0.6923076923076923,0.6923076923076923,0.0,6.333333333333333,6.0,4.0,9.0
Eleanor Bock,Ursula,7,2026,0,,1,5.0,5.0,5.0,5.0,1.0,1.0,1.0,1.0,0,0.0,1.0,-0.02668591382206044,-0.02668591382206044,-0.02668591382206044,-0.02668591382206044,0.4861111111111111,1.0,1.0,0.0,6.75,8.0,4.0,9.0
Eleanor Lawson,Bruce,7,2026,0,,0,,,,,,,,,1,0.0,,,,,,0.39842171717171715,0.09090909090909091,0.7777777777777778,0.09090909090909091,3.0,7.0,1.0,7.0
Elentari Berryman,Wamburun,4,2022,3,0.6,0,,,,,,,,,1,0.0,1.0,-1.21,-1.21,-1.21,-1.21,,,,,,,,
Elentari Berryman,Wamburun,6,2023,2,0.9090909090909091,1,4.0,4.0,4.0,4.0,0.6,0.6,0.6,0.6,0,0.0,2.0,0.5844030065096103,-0.31279849674519483,0.5844030065096103,-1.21,,,,,7.0,7.0,7.0,7.0
Elentari Berryman,Wamburun,4,2024,2,0.8571428571428571,2,6.0,5.0,4.0,6.0,0.9090909090909091,0.7545454545454545,0.9090909090909091,0.6,0,0.0,4.0,0.24500680092629126,-0.06425142918735076,0.5844030065096103,-1.21,0.7375,0.875,0.875,0.6,5.5,4.0,4.0,7.0
Elise Palethorpe,Griffin,3,2022,1,1.0,0,,,,,,,,,1,0.0,1.0,0.47,0.47,0.47,0.47,,,,,,,,
Elise Palethorpe,Griffin,4,2023,4,0.625,1,3.0,3.0,3.0,3.0,1.0,1.0,1.0,1.0,0,0.0,1.0,0.47,0.47,0.47,0.47,0.4,0.4,0.4,0.4,3.0,3.0,3.0,3.0
Elissa Baker,Wamburun,7,2022,8,0.2222222222222222,0,,,,,,,,,1,0.0,1.0,-1.0,-1.0,-1.0,-1.0,,,,,,,,
Elissa Baker,Wamburun,7,2023,6,0.5,1,7.0,7.0,7.0,7.0,0.2222222222222222,0.2222222222222222,0.2222222222222222,0.2222222222222222,0,0.0,1.0,-1.0,-1.0,-1.0,-1.0,0.2222222222222222,0.2222222222222222,0.2222222222222222,0.2222222222222222,7.0,7.0,7.0,7.0
Elissa Baker,Wamburun,5,2024,9,0.38461538461538464,2,7.0,7.0,7.0,7.0,0.5,0.3611111111111111,0.5,0.2222222222222222,0,0.0,1.0,-1.0,-1.0,-1.0,-1.0,0.4125,0.7,0.7,0.125,5.5,4.0,4.0,7.0
Eliza Ewington,BNG,1,2022,2,0.75,0,,,,,,,,,1,0.0,1.0,-0.05,-0.05,-0.05,-0.05,,,,,,,,
Elizabeth Caddy,Griffin,7,2025,7,0.45454545454545453,0,,,,,,,,,1,0.0,,,,,,0.3787037037037037,0.625,0.625,0.1111111111111111,5.333333333333333,5.0,3.0,8.0
Ella Craig,Wamburun,6,2026,0,,0,,,,,,,,,1,0.0,1.0,-3.0,-3.0,-3.0,-3.0,0.49053030303030304,0.5625,0.9090909090909091,0.0,7.75,11.0,4.0,11.0
Ella Fitzpatrick,Burgmann,6,2022,8,0.125,0,,,,,,,,,1,0.0,1.0,-1.06,-1.06,-1.06,-1.06,,,,,,,,
Ella Fitzpatrick,Burgmann,7,2023,8,0.3,1,6.0,6.0,6.0,6.0,0.125,0.125,0.125,0.125,0,0.0,2.0,-2.336653118293163,-1.6983265591465815,-1.06,-2.336653118293163,0.8888888888888888,0.8888888888888888,0.8888888888888888,0.8888888888888888,8.0,8.0,8.0,8.0
Ella Fitzpatrick,Lodge,7,2024,6,0.375,2,7.0,6.5,6.0,7.0,0.3,0.2125,0.3,0.125,0,0.0,2.0,-2.336653118293163,-1.6983265591465815,-1.06,-2.336653118293163,0.7,0.7,0.7,0.7,8.0,6.0,6.0,10.0
Ella Hobson,Bruce,7,2025,11,0.09090909090909091,0,,,,,,,,,1,0.0,,,,,,0.5009259259259259,0.125,0.7777777777777778,0.125,1.6666666666666667,1.0,1.0,2.0
Ella McKenzie,Johns,5,2024,8,0.46153846153846156,0,,,,,,,,,1,0.0,,,,,,0.875,1.0,1.0,0.75,5.0,5.0,5.0,5.0
Ella McKenzie,Div X3,6,2025,,,1,5.0,5.0,5.0,5.0,0.46153846153846156,0.46153846153846156,0.46153846153846156,0.46153846153846156,0,0.0,,,,,,,,,,,,,
Ella Osborne,BNG,2,2024,7,0.25,0,,,,,,,,,1,0.0,1.0,1.5299499741101492,1.5299499741101492,1.5299499741101492,1.5299499741101492,0.6666666666666667,0.8333333333333334,0.8333333333333334,0.5,1.0,1.0,1.0,1.0
Ella Osborne,BNG,3,2025,7,0.25,1,2.0,2.0,2.0,2.0,0.25,0.25,0.25,0.25,0,0.0,2.0,0.5093392108408529,1.019644592475501,1.5299499741101492,0.5093392108408529,0.26666666666666666,0.0,0.8,0.0,1.3333333333333333,2.0,1.0,2.0
Ella Ross,Ursula,6,2024,DNF,0.0,0,,,,,,,,,1,0.0,,,,,,0.7386363636363636,0.7272727272727273,0.75,0.7272727272727273,6.5,9.0,4.0,9.0
Ella Ross,Ursula,7,2025,1,1.0,1,6.0,6.0,6.0,6.0,0.0,0.0,0.0,0.0,0,1.0,,,,,,0.3148148148148148,0.5,0.5,0.0,6.333333333333333,6.0,4.0,9.0
Ellie Austin,Johns,1,2025,4,0.6666666666666666,0,,,,,,,,,1,0.0,1.0,-0.3469168796867857,-0.3469168796867857,-0.3469168796867857,-0.3469168796867857,0.125,0.375,0.375,0.0,5.666666666666667,7.0,5.0,7.0
Ellie Cooper,Griffin,5,2023,DNF,0.0,0,,,,,,,,,1,0.0,1.0,-0.8137257052665456,-0.8137257052665456,-0.8137257052665456,-0.8137257052665456,0.375,0.375,0.375,0.375,3.0,3.0,3.0,3.0
Ellie Davies,Wright,3,2026,0,,0,,,,,,,,,1,0.0,,,,,,0.625,0.125,1.0,0.125,8.25,6.0,6.0,11.0
Ellie Shuetrim,BNG,7,2023,1,1.0,0,,,,,,,,,1,0.0,1.0,-1.3717991621440198,-1.3717991621440198,-1.3717991621440198,-1.3717991621440198,0.5555555555555556,0.5555555555555556,0.5555555555555556,0.5555555555555556,1.0,1.0,1.0,1.0
Ellora Kelly,Fenner,1,2022,4,0.25,0,,,,,,,,,1,0.0,1.0,-0.05,-0.05,-0.05,-0.05,,,,,,,,
Eloisa Belmar,Ursula,5,2024,5,0.6923076923076923,0,,,,,,,,,1,0.0,1.0,-0.426732458300917,-0.426732458300917,-0.426732458300917,-0.426732458300917,0.25,0.0,0.5,0.0,6.5,9.0,4.0,9.0
Eloisa Belmar,Ursula,6,2025,3,0.875,1,5.0,5.0,5.0,5.0,0.6923076923076923,0.6923076923076923,0.6923076923076923,0.6923076923076923,0,0.0,1.0,-0.426732458300917,-0.426732458300917,-0.426732458300917,-0.426732458300917,0.49242424242424243,0.0,0.75,0.0,6.333333333333333,6.0,4.0,9.0
Eloise Baird,Bruce,6,2025,2,0.9375,0,,,,,,,,,1,0.0,,,,,,0.7333333333333334,0.2,1.0,0.2,1.6666666666666667,1.0,1.0,2.0
Eloise Parker,Ursula,7,2022,6,0.4444444444444444,0,,,,,,,,,1,0.0,,,,,,,,,,,,,
Eloise Parker,Ursula,7,2023,DNF,0.0,1,7.0,7.0,7.0,7.0,0.4444444444444444,0.4444444444444444,0.4444444444444444,0.4444444444444444,0,0.0,1.0,0.3254902821066185,0.3254902821066185,0.3254902821066185,0.3254902821066185,0.4444444444444444,0.4444444444444444,0.4444444444444444,0.4444444444444444,4.0,4.0,4.0,4.0
Eloise Parker,Ursula,7,2024,5,0.5,2,7.0,7.0,7.0,7.0,0.0,0.2222222222222222,0.4444444444444444,0.0,0,1.0,2.0,-0.3112505543462071,0.007119863880205718,0.3254902821066185,-0.3112505543462071,0.2222222222222222,0.0,0.4444444444444444,0.0,6.5,9.0,4.0,9.0
Eloise Wilson,Fenner,3,2023,4,0.25,0,,,,,,,,,1,0.0,1.0,-0.5447814854447542,-0.5447814854447542,-0.5447814854447542,-0.5447814854447542,0.0,0.0,0.0,0.0,9.0,9.0,9.0,9.0
Eloise Wilson,Fenner,2,2024,3,0.75,1,3.0,3.0,3.0,3.0,0.25,0.25,0.25,0.25,0,0.0,2.0,0.15415763882111827,-0.195311923311818,0.15415763882111827,-0.5447814854447542,0.16666666666666666,0.3333333333333333,0.3333333333333333,0.0,6.0,3.0,3.0,9.0
Elsa Ryman,Fenner,7,2026,0,,0,,,,,,,,,1,0.0,1.0,-1.090017876167441,-1.090017876167441,-1.090017876167441,-1.090017876167441,0.7596590909090909,0.36363636363636365,1.0,0.36363636363636365,4.5,3.0,3.0,9.0
Emilie Garside,BNG,2,2025,5,0.5,0,,,,,,,,,1,0.0,1.0,1.6065032894097522,1.6065032894097522,1.6065032894097522,1.6065032894097522,0.5277777777777778,0.25,0.8333333333333334,0.25,1.3333333333333333,2.0,1.0,2.0
Emilie Garside,BNG,1,2026,0,,1,2.0,2.0,2.0,2.0,0.5,0.5,0.5,0.5,0,0.0,2.0,0.09577562928667914,0.8511394593482157,1.6065032894097522,0.09577562928667914,0.8784722222222222,0.8888888888888888,1.0,0.75,2.25,5.0,1.0,5.0
Emily Bannister,Burgmann,7,2024,3,0.75,0,,,,,,,,,1,0.0,2.0,0.7188556591213825,0.4703904257334021,0.7188556591213825,0.22192519234542177,0.5944444444444444,0.3,0.8888888888888888,0.3,9.5,11.0,8.0,11.0
Emily Bannister,Burgmann,4,2025,5,0.5,1,7.0,7.0,7.0,7.0,0.75,0.75,0.75,0.75,0,0.0,3.0,-0.4002887073309066,0.1801640480452992,0.7188556591213825,-0.4002887073309066,0.2857142857142857,0.5714285714285714,0.5714285714285714,0.0,7.666666666666667,4.0,4.0,11.0
Emily Barelle,Wright,4,2023,DNF,0.0,0,,,,,,,,,1,0.0,1.0,-0.4069452059948766,-0.4069452059948766,-0.4069452059948766,-0.4069452059948766,,,,,6.0,6.0,6.0,6.0
Emily Condron,Wamburun,5,2024,9,0.38461538461538464,0,,,,,,,,,1,0.0,,,,,,0.4125,0.7,0.7,0.125,5.5,4.0,4.0,7.0
Emily Condron,Wamburun,7,2025,6,0.5454545454545454,1,5.0,5.0,5.0,5.0,0.38461538461538464,0.38461538461538464,0.38461538461538464,0.38461538461538464,0,0.0,,,,,,0.24074074074074073,0.0,0.5,0.0,6.666666666666667,9.0,4.0,9.0
Emily Condron,Wamburun,6,2026,0,,2,7.0,6.0,5.0,7.0,0.5454545454545454,0.465034965034965,0.5454545454545454,0.38461538461538464,0,0.0,1.0,-2.350300628319335,-2.350300628319335,-2.350300628319335,-2.350300628319335,0.49053030303030304,0.5625,0.9090909090909091,0.0,7.75,11.0,4.0,11.0
Emily Deszcz,Lodge,7,2025,9,0.2727272727272727,0,,,,,,,,,1,0.0,1.0,0.6589524942820664,0.6589524942820664,0.6589524942820664,0.6589524942820664,0.5375,0.375,0.7,0.375,8.0,8.0,6.0,10.0
Emily Deszcz,Lodge,6,2026,0,,1,7.0,7.0,7.0,7.0,0.2727272727272727,0.2727272727272727,0.2727272727272727,0.2727272727272727,0,0.0,2.0,0.9258310831045632,0.7923917886933147,0.9258310831045632,0.6589524942820664,0.26515151515151514,0.0,0.5454545454545454,0.0,8.5,10.0,6.0,10.0
Emily Flutter,Ursula,5,2026,0,,0,,,,,,,,,1,0.0,1.0,-1.090017876167441,-1.090017876167441,-1.090017876167441,-1.090017876167441,0.5480769230769231,1.0,1.0,0.0,6.75,8.0,4.0,9.0
Emily Grimes,Burgmann,5,2022,7,0.25,0,,,,,,,,,1,0.0,1.0,-0.58,-0.58,-0.58,-0.58,,,,,,,,
Emily Grimes,Burgmann,2,2023,DNF,0.0,1,5.0,5.0,5.0,5.0,0.25,0.25,0.25,0.25,0,0.0,2.0,0.4808379167484136,-0.04958104162579319,0.4808379167484136,-0.58,,,,,8.0,8.0,8.0,8.0
Emily Grimes,Griffin,7,2025,7,0.45454545454545453,2,2.0,3.5,2.0,5.0,0.0,0.125,0.25,0.0,0,1.0,2.0,0.4808379167484136,-0.04958104162579319,0.4808379167484136,-0.58,0.3787037037037037,0.625,0.625,0.1111111111111111,5.333333333333333,5.0,3.0,8.0
Emily Mitchell,Fenner,2,2025,6,0.375,0,,,,,,,,,1,0.0,,,,,,0.3611111111111111,0.75,0.75,0.0,5.0,3.0,3.0,9.0
Emily Mitchell,Fenner,1,2026,0,,1,2.0,2.0,2.0,2.0,0.375,0.375,0.375,0.375,0,0.0,1.0,-0.1413830718041449,-0.1413830718041449,-0.1413830718041449,-0.1413830718041449,0.26851851851851855,0.5555555555555556,0.5555555555555556,0.0,4.5,3.0,3.0,9.0
Emily Osborn,Fenner,7,2025,8,0.36363636363636365,0,,,,,,,,,1,0.0,1.0,-1.236149095973305,-1.236149095973305,-1.236149095973305,-1.236149095973305,0.8916666666666666,0.875,1.0,0.8,5.0,3.0,3.0,9.0
Emily Rasheed,BNG,5,2024,6,0.6153846153846154,0,,,,,,,,,1,0.0,1.0,-0.090427665230265,-0.090427665230265,-0.090427665230265,-0.090427665230265,0.8875,0.9,0.9,0.875,1.0,1.0,1.0,1.0
Emily Rasheed,BNG,5,2025,6,0.7058823529411765,1,5.0,5.0,5.0,5.0,0.6153846153846154,0.6153846153846154,0.6153846153846154,0.6153846153846154,0,0.0,2.0,1.3571478170077296,0.6333600758887323,1.3571478170077296,-0.090427665230265,0.7967948717948717,0.6153846153846154,0.9,0.6153846153846154,1.3333333333333333,2.0,1.0,2.0
Emily Scolyer,Bruce,6,2023,1,1.0,0,,,,,,,,,1,0.0,2.0,-0.062354507370182645,-0.17617725368509132,-0.062354507370182645,-0.29,1.0,1.0,1.0,1.0,2.0,2.0,2.0,2.0
Emily Thornton,Burgmann,6,2022,8,0.125,0,,,,,,,,,1,0.0,,,,,,,,,,,,,
Emma Broach,Wamburun,4,2026,0,,0,,,,,,,,,1,0.0,2.0,0.6886723820137391,0.5223892689098495,0.6886723820137391,0.35610615580595983,0.6455357142857143,0.25,0.875,0.25,7.75,11.0,4.0,11.0
Emma Carey,BNG,5,2022,2,0.875,0,,,,,,,,,1,0.0,1.0,0.76,0.76,0.76,0.76,,,,,,,,
Emma Cormack,Fenner,6,2026,0,,0,,,,,,,,,1,0.0,,,,,,0.5867424242424243,0.6875,0.8,0.2727272727272727,4.5,3.0,3.0,9.0
Emma Livingstone,Ursula,6,2024,DNF,0.0,0,,,,,,,,,1,0.0,1.0,1.357521511471288,1.357521511471288,1.357521511471288,1.357521511471288,0.7386363636363636,0.7272727272727273,0.75,0.7272727272727273,6.5,9.0,4.0,9.0
Emma Powell,Burgmann,5,2024,4,0.7692307692307693,0,,,,,,,,,1,0.0,2.0,0.7188556591213825,-0.14557217043930876,0.7188556591213825,-1.01,0.125,0.0,0.25,0.0,9.5,11.0,8.0,11.0
Emma Strohfeldt,Wright,6,2024,DNF,0.0,0,,,,,,,,,1,0.0,1.0,-0.0640250631139856,-0.0640250631139856,-0.0640250631139856,-0.0640250631139856,0.25,0.0,0.5,0.0,8.0,10.0,6.0,10.0
Emma Summerhayes,BNG,3,2022,2,0.8,0,,,,,,,,,1,0.0,1.0,0.76,0.76,0.76,0.76,,,,,,,,
Estelle Morgan,Burgmann,2,2025,2,0.875,0,,,,,,,,,1,0.0,1.0,0.9873788114162363,0.9873788114162363,0.9873788114162363,0.9873788114162363,0.3125,0.625,0.625,0.0,7.666666666666667,4.0,4.0,11.0
Estelle Morgan,Burgmann,4,2026,0,,1,2.0,2.0,2.0,2.0,0.875,0.875,0.875,0.875,0,0.0,2.0,-0.9714385256220289,0.007970142897103683,0.9873788114162363,-0.9714385256220289,0.35714285714285715,0.5,0.5714285714285714,0.0,6.25,2.0,2.0,11.0
Esther Bornstein,Bruce,7,2023,5,0.6,0,,,,,,,,,1,0.0,1.0,-0.613699625169693,-0.613699625169693,-0.613699625169693,-0.613699625169693,0.7777777777777778,0.7777777777777778,0.7777777777777778,0.7777777777777778,2.0,2.0,2.0,2.0
Esther Bornstein,Div X3,6,2025,,,1,7.0,7.0,7.0,7.0,0.6,0.6,0.6,0.6,0,0.0,1.0,-0.613699625169693,-0.613699625169693,-0.613699625169693,-0.613699625169693,,,,,,,,
Ethan Chan,Wright,7,2023,10,0.1,0,,,,,,,,,1,0.0,1.0,-0.269108926544999,-0.269108926544999,-0.269108926544999,-0.269108926544999,0.3333333333333333,0.3333333333333333,0.3333333333333333,0.3333333333333333,6.0,6.0,6.0,6.0
Ethan Howard,Wamburun,4,2026,0,,0,,,,,,,,,1,0.0,1.0,-2.350300628319335,-2.350300628319335,-2.350300628319335,-2.350300628319335,0.6455357142857143,0.25,0.875,0.25,7.75,11.0,4.0,11.0
Ethan James,Div X5,6,2025,,,0,,,,,,,,,1,0.0,1.0,-0.667147845551511,-0.667147845551511,-0.667147845551511,-0.667147845551511,,,,,,,,
Ethan Menadue,Burgmann,6,2026,0,,0,,,,,,,,,1,0.0,1.0,0.35610615580595983,0.35610615580595983,0.35610615580595983,0.35610615580595983,0.38125,1.0,1.0,0.0,6.25,2.0,2.0,11.0
Ethan Tudehope,Div X2,5,2023,,,0,,,,,,,,,1,0.0,,,,,,,,,,,,,
Ethan Tudehope,Div X3,5,2025,,,1,5.0,5.0,5.0,5.0,,,,,0,0.0,,,,,,,,,,,,,
Ethan Zhu,Bruce,2,2025,DNF,0.0,0,,,,,,,,,1,0.0,1.0,0.06049936051721224,0.06049936051721224,0.06049936051721224,0.06049936051721224,1.0,1.0,1.0,1.0,1.6666666666666667,1.0,1.0,2.0
Ethan Zhu,Bruce,6,2026,0,,1,2.0,2.0,2.0,2.0,0.0,0.0,0.0,0.0,0,1.0,2.0,0.5305665812865232,0.29553297090186775,0.5305665812865232,0.06049936051721224,0.784375,0.9375,1.0,0.2,3.0,7.0,1.0,7.0
Euan Maclean,Burgmann,7,2026,0,,0,,,,,,,,,1,0.0,1.0,-0.4035869765800878,-0.4035869765800878,-0.4035869765800878,-0.4035869765800878,0.7119949494949495,0.9090909090909091,0.9090909090909091,0.3,6.25,2.0,2.0,11.0
Eugenie Rickard,Johns,1,2023,DNF,0.0,0,,,,,,,,,1,0.0,,,,,,0.0,0.0,0.0,0.0,5.0,5.0,5.0,5.0
Eva Kenwood,Johns,6,2026,0,,0,,,,,,,,,1,0.0,1.0,0.5305665812865232,0.5305665812865232,0.5305665812865232,0.5305665812865232,0.5355113636363636,0.8125,0.875,0.0,5.25,4.0,4.0,7.0
Evan Briggs,Fenner,5,2024,3,0.8461538461538461,0,,,,,,,,,1,0.0,1.0,0.33759661685965575,0.33759661685965575,0.33759661685965575,0.33759661685965575,0.5,0.5,0.5,0.5,6.0,3.0,3.0,9.0
Evan Briggs,Fenner,2,2025,6,0.375,1,5.0,5.0,5.0,5.0,0.8461538461538461,0.8461538461538461,0.8461538461538461,0.8461538461538461,0,0.0,2.0,-0.13898501740440583,0.09930579972762496,0.33759661685965575,-0.13898501740440583,0.3611111111111111,0.75,0.75,0.0,5.0,3.0,3.0,9.0
Eve Kelly,Wright,7,2025,3,0.8181818181818182,0,,,,,,,,,1,0.0,1.0,0.11037045499761675,0.11037045499761675,0.11037045499761675,0.11037045499761675,0.14444444444444446,0.0,0.3333333333333333,0.0,9.0,11.0,6.0,11.0
Eve Kelly,Wright,6,2026,0,,1,7.0,7.0,7.0,7.0,0.8181818181818182,0.8181818181818182,0.8181818181818182,0.8181818181818182,0,0.0,2.0,-1.761967529258109,-0.8257985371302461,0.11037045499761675,-1.761967529258109,0.3125,0.75,0.75,0.0,8.25,6.0,6.0,11.0
Evie Cook,Burgmann,7,2026,0,,0,,,,,,,,,1,0.0,1.0,0.6409910804507277,0.6409910804507277,0.6409910804507277,0.6409910804507277,0.7119949494949495,0.9090909090909091,0.9090909090909091,0.3,6.25,2.0,2.0,11.0
Ewan Benari,Johns,4,2024,5,0.42857142857142855,0,,,,,,,,,1,0.0,1.0,-0.18763780873009633,-0.18763780873009633,-0.18763780873009633,-0.18763780873009633,0.25,0.25,0.25,0.25,5.0,5.0,5.0,5.0
Felix Archibald,Bruce,3,2022,5,0.2,0,,,,,,,,,1,0.0,,,,,,,,,,,,,
Felix Archibald,Bruce,4,2023,6,0.375,1,3.0,3.0,3.0,3.0,0.2,0.2,0.2,0.2,0,0.0,1.0,0.6957450296041441,0.6957450296041441,0.6957450296041441,0.6957450296041441,0.8,0.8,0.8,0.8,2.0,2.0,2.0,2.0
Felix Lewis,Div X7,6,2025,,,0,,,,,,,,,1,0.0,,,,,,,,,,,,,
Felix O'Brien,Div X3,6,2025,,,0,,,,,,,,,1,0.0,,,,,,,,,,,,,
Fergus Grave,Burgmann,2,2024,4,0.625,0,,,,,,,,,1,0.0,,,,,,0.0,0.0,0.0,0.0,9.5,11.0,8.0,11.0
Fergus Grave,Burgmann,1,2025,7,0.3333333333333333,1,2.0,2.0,2.0,2.0,0.625,0.625,0.625,0.625,0,0.0,,,,,,0.0625,0.125,0.125,0.0,7.666666666666667,4.0,4.0,11.0
Fin Isaacs,Wamburun,5,2023,4,0.7,0,,,,,,,,,1,0.0,,,,,,0.125,0.125,0.125,0.125,7.0,7.0,7.0,7.0
Finlay McLean,Yukeembruk,6,2026,0,,0,,,,,,,,,1,0.0,,,,,,0.42992424242424243,0.5625,0.7272727272727273,0.0,8.666666666666666,9.0,7.0,10.0
Finn Towner,Div X5,5,2024,DNF,0.0,0,,,,,,,,,1,0.0,,,,,,,,,,,,,
Finn Towner,Div X2,2,2025,,,1,5.0,5.0,5.0,5.0,0.0,0.0,0.0,0.0,0,1.0,1.0,0.08005774146618132,0.08005774146618132,0.08005774146618132,0.08005774146618132,0.0,0.0,0.0,0.0,,,,
Finn Vogels,Fenner,3,2026,0,,0,,,,,,,,,1,0.0,1.0,-0.4180682230767729,-0.4180682230767729,-0.4180682230767729,-0.4180682230767729,0.4125,1.0,1.0,0.0,4.5,3.0,3.0,9.0
Finn de Mars,Wamburun,4,2025,7,0.25,0,,,,,,,,,1,0.0,,,,,,0.7773809523809524,0.8571428571428571,0.875,0.6,6.666666666666667,9.0,4.0,9.0
Flora Munro,Fenner,4,2023,1,1.0,0,,,,,,,,,1,0.0,1.0,-0.13127264709512143,-0.13127264709512143,-0.13127264709512143,-0.13127264709512143,,,,,9.0,9.0,9.0,9.0
Flora Munro,Fenner,7,2024,2,0.875,1,4.0,4.0,4.0,4.0,1.0,1.0,1.0,1.0,0,0.0,1.0,-0.13127264709512143,-0.13127264709512143,-0.13127264709512143,-0.13127264709512143,0.9,0.8,1.0,0.8,6.0,3.0,3.0,9.0
Flora Munro,Fenner,5,2025,5,0.7647058823529411,2,7.0,5.5,4.0,7.0,0.875,0.9375,1.0,0.875,0,0.0,2.0,-0.13898501740440583,-0.13512883224976363,-0.13127264709512143,-0.13898501740440583,0.6730769230769231,0.8461538461538461,0.8461538461538461,0.5,5.0,3.0,3.0,9.0
Flossie Corsham,Johns,7,2022,4,0.6666666666666666,0,,,,,,,,,1,0.0,,,,,,,,,,,,,
Flynn Groen-In't-Woud,Div X5,5,2024,DNF,0.0,0,,,,,,,,,1,0.0,,,,,,,,,,,,,
Flynn Groen-In't-Woud,Div X6,6,2025,,,1,5.0,5.0,5.0,5.0,0.0,0.0,0.0,0.0,0,1.0,,,,,,,,,,,,,
Flynn Nyhof,BNG,2,2024,7,0.25,0,,,,,,,,,1,0.0,1.0,1.22421834404592,1.22421834404592,1.22421834404592,1.22421834404592,0.6666666666666667,0.8333333333333334,0.8333333333333334,0.5,1.0,1.0,1.0,1.0
Flynn Nyhof,BNG,2,2026,0,,1,2.0,2.0,2.0,2.0,0.25,0.25,0.25,0.25,0,0.0,3.0,1.3606220351044072,0.9815221021833223,1.3606220351044072,0.3597259273996393,0.5208333333333334,0.5,0.8333333333333334,0.25,2.25,5.0,1.0,5.0
Fran Cruickshank,Lodge,5,2023,8,0.3,0,,,,,,,,,1,0.0,1.0,1.516488814360381,1.516488814360381,1.516488814360381,1.516488814360381,,,,,10.0,10.0,10.0,10.0
Fran Cruickshank,Lodge,7,2024,6,0.375,1,5.0,5.0,5.0,5.0,0.3,0.3,0.3,0.3,0,0.0,1.0,1.516488814360381,1.516488814360381,1.516488814360381,1.516488814360381,0.7,0.7,0.7,0.7,8.0,6.0,6.0,10.0
Francesca Clarke,Fenner,1,2022,4,0.25,0,,,,,,,,,1,0.0,1.0,-0.1,-0.1,-0.1,-0.1,,,,,,,,
Francesca Clarke,Fenner,3,2024,4,0.4,1,1.0,1.0,1.0,1.0,0.25,0.25,0.25,0.25,0,0.0,1.0,-0.1,-0.1,-0.1,-0.1,0.125,0.25,0.25,0.0,6.0,3.0,3.0,9.0
Fred Fifield,Ursula,1,2025,DNF,0.0,0,,,,,,,,,1,0.0,1.0,0.29354505204266484,0.29354505204266484,0.29354505204266484,0.29354505204266484,0.25,0.5,0.5,0.0,6.333333333333333,6.0,4.0,9.0
Freya Lee,BNG,5,2025,6,0.7058823529411765,0,,,,,,,,,1,0.0,1.0,1.1576634390861116,1.1576634390861116,1.1576634390861116,1.1576634390861116,0.7967948717948717,0.6153846153846154,0.9,0.6153846153846154,1.3333333333333333,2.0,1.0,2.0
Freya McKinley-Rowe,Johns,4,2025,6,0.375,0,,,,,,,,,1,0.0,,,,,,0.3392857142857143,0.42857142857142855,0.42857142857142855,0.25,5.666666666666667,7.0,5.0,7.0
Freya McKinley-Rowe,Johns,3,2026,0,,1,4.0,4.0,4.0,4.0,0.375,0.375,0.375,0.375,0,0.0,,,,,,0.275,0.5,0.5,0.0,5.25,4.0,4.0,7.0
Freya lee,BNG,6,2026,0,,0,,,,,,,,,1,0.0,,,,,,0.5107954545454545,0.0,0.8181818181818182,0.0,2.25,5.0,1.0,5.0
Fynn George,Fenner,6,2024,2,0.8,0,,,,,,,,,1,0.0,1.0,-0.5490251103266086,-0.5490251103266086,-0.5490251103266086,-0.5490251103266086,0.2727272727272727,0.2727272727272727,0.2727272727272727,0.2727272727272727,6.0,3.0,3.0,9.0
Gabby Kanizay,Johns,1,2023,DNF,0.0,0,,,,,,,,,1,0.0,1.0,0.9714175885038993,0.9714175885038993,0.9714175885038993,0.9714175885038993,0.0,0.0,0.0,0.0,5.0,5.0,5.0,5.0
Gabby Kanizay,Johns,2,2024,6,0.375,1,1.0,1.0,1.0,1.0,0.0,0.0,0.0,0.0,0,1.0,2.0,-0.18763780873009633,0.39188988988690143,0.9714175885038993,-0.18763780873009633,0.6666666666666666,0.6666666666666666,0.6666666666666666,0.6666666666666666,5.0,5.0,5.0,5.0
Gabby Kanizay,Johns,1,2025,4,0.6666666666666666,2,2.0,1.5,1.0,2.0,0.375,0.1875,0.375,0.0,0,1.0,3.0,0.3597259273996393,0.3811685690578141,0.9714175885038993,-0.18763780873009633,0.125,0.375,0.375,0.0,5.666666666666667,7.0,5.0,7.0
Gabe Hanich,Bruce,1,2025,7,0.3333333333333333,0,,,,,,,,,1,0.0,1.0,0.9581790611644935,0.9581790611644935,0.9581790611644935,0.9581790611644935,0.4861111111111111,0.625,0.625,0.3333333333333333,1.6666666666666667,1.0,1.0,2.0
Gabe Hanich,Bruce,1,2026,0,,1,1.0,1.0,1.0,1.0,0.3333333333333333,0.3333333333333333,0.3333333333333333,0.3333333333333333,0,0.0,2.0,-0.3390153227131649,0.3095818692256643,0.9581790611644935,-0.3390153227131649,0.44791666666666663,0.3333333333333333,0.625,0.3333333333333333,3.0,7.0,1.0,7.0
Gea Linggar Galih,Ursula,4,2025,DNF,0.0,0,,,,,,,,,1,0.0,1.0,-0.1868013967544231,-0.1868013967544231,-0.1868013967544231,-0.1868013967544231,0.3452380952380952,0.2857142857142857,0.75,0.0,6.333333333333333,6.0,4.0,9.0
Genevieve Beach,Fenner,4,2026,0,,0,,,,,,,,,1,0.0,2.0,0.29340788019569913,0.07721143139564665,0.29340788019569913,-0.13898501740440583,0.8214285714285715,0.75,1.0,0.7142857142857143,4.5,3.0,3.0,9.0
Genevieve O'Brien,Fenner,7,2024,2,0.875,0,,,,,,,,,1,0.0,,,,,,0.9,0.8,1.0,0.8,6.0,3.0,3.0,9.0
George Lindsay,Wright,7,2022,7,0.3333333333333333,0,,,,,,,,,1,0.0,,,,,,,,,,,,,
George Page,Yukeembruk,4,2025,4,0.625,0,,,,,,,,,1,0.0,1.0,-0.837180340130069,-0.837180340130069,-0.837180340130069,-0.837180340130069,0.0,0.0,0.0,0.0,8.5,10.0,7.0,10.0
George Page,Yukeembruk,6,2026,0,,1,4.0,4.0,4.0,4.0,0.625,0.625,0.625,0.625,0,0.0,2.0,0.6886723820137391,-0.07425397905816494,0.6886723820137391,-0.837180340130069,0.42992424242424243,0.5625,0.7272727272727273,0.0,8.666666666666666,9.0,7.0,10.0
George Pourpouras,Bruce,3,2025,2,0.875,0,,,,,,,,,1,0.0,1.0,0.9581790611644935,0.9581790611644935,0.9581790611644935,0.9581790611644935,0.39999999999999997,0.0,1.0,0.0,1.6666666666666667,1.0,1.0,2.0
George Pourpouras,Bruce,1,2026,0,,1,3.0,3.0,3.0,3.0,0.875,0.875,0.875,0.875,0,0.0,2.0,1.3606220351044072,1.1594005481344503,1.3606220351044072,0.9581790611644935,0.44791666666666663,0.3333333333333333,0.625,0.3333333333333333,3.0,7.0,1.0,7.0
Georgia Borschmann,Bruce,5,2024,1,1.0,0,,,,,,,,,1,0.0,,,,,,0.7,0.4,1.0,0.4,2.0,2.0,2.0,2.0
Georgia Gunawan,Wamburun,6,2025,8,0.5625,0,,,,,,,,,1,0.0,,,,,,0.45454545454545453,0.0,0.9090909090909091,0.0,6.666666666666667,9.0,4.0,9.0
Georgia Gunawan,Wamburun,2,2026,0,,1,6.0,6.0,6.0,6.0,0.5625,0.5625,0.5625,0.5625,0,0.0,,,,,,,,,,7.75,11.0,4.0,11.0
Georgie Lyall,Griffin,7,2022,9,0.1111111111111111,0,,,,,,,,,1,0.0,1.0,0.56,0.56,0.56,0.56,,,,,,,,
Gigi Hall,Johns,6,2023,7,0.45454545454545453,0,,,,,,,,,1,0.0,,,,,,0.875,0.875,0.875,0.875,5.0,5.0,5.0,5.0
Gil Goodman,Wright,5,2022,4,0.625,0,,,,,,,,,1,0.0,1.0,0.57,0.57,0.57,0.57,,,,,,,,
Gil Goodman,Div X4,6,2025,,,1,5.0,5.0,5.0,5.0,0.625,0.625,0.625,0.625,0,0.0,2.0,-1.136406907012496,-0.28320345350624804,0.57,-1.136406907012496,,,,,,,,
Giordano Genero,Lodge,7,2024,6,0.375,0,,,,,,,,,1,0.0,1.0,-0.12100082823668791,-0.12100082823668791,-0.12100082823668791,-0.12100082823668791,0.7,0.7,0.7,0.7,8.0,6.0,6.0,10.0
Gordon Yuan,Burgmann,4,2025,5,0.5,0,,,,,,,,,1,0.0,1.0,-0.8870514346104735,-0.8870514346104735,-0.8870514346104735,-0.8870514346104735,0.2857142857142857,0.5714285714285714,0.5714285714285714,0.0,7.666666666666667,4.0,4.0,11.0
Gordon Yuan,Burgmann,1,2026,0,,1,4.0,4.0,4.0,4.0,0.5,0.5,0.5,0.5,0,0.0,2.0,1.4956458543850313,0.3042972098872789,1.4956458543850313,-0.8870514346104735,0.15277777777777776,0.3333333333333333,0.3333333333333333,0.0,6.25,2.0,2.0,11.0
Grace Keane,Fenner,7,2026,0,,0,,,,,,,,,1,0.0,1.0,-1.090017876167441,-1.090017876167441,-1.090017876167441,-1.090017876167441,0.7596590909090909,0.36363636363636365,1.0,0.36363636363636365,4.5,3.0,3.0,9.0
Grace McKinnis,BNG,5,2024,6,0.6153846153846154,0,,,,,,,,,1,0.0,,,,,,0.8875,0.9,0.9,0.875,1.0,1.0,1.0,1.0
Grace McKinnis,BNG,4,2025,1,1.0,1,5.0,5.0,5.0,5.0,0.6153846153846154,0.6153846153846154,0.6153846153846154,0.6153846153846154,0,0.0,,,,,,0.5476190476190476,0.14285714285714285,1.0,0.14285714285714285,1.3333333333333333,2.0,1.0,2.0
Grace Mckinnis,BNG,7,2026,0,,0,,,,,,,,,1,0.0,3.0,0.09577562928667914,0.20423148967563778,1.1576634390861116,-0.6407445993458774,0.797979797979798,0.6363636363636364,1.0,0.5555555555555556,2.25,5.0,1.0,5.0
Grace Mullins,Yukeembruk,7,2024,DNF,0.0,0,,,,,,,,,1,0.0,,,,,,0.9,0.9,0.9,0.9,7.0,7.0,7.0,7.0
Grace Mullins,Yukeembruk,5,2025,11,0.4117647058823529,1,7.0,7.0,7.0,7.0,0.0,0.0,0.0,0.0,0,1.0,1.0,-0.6376959622084509,-0.6376959622084509,-0.6376959622084509,-0.6376959622084509,0.4,0.0,0.8,0.0,8.5,10.0,7.0,10.0
Grace Mullins,Yukeembruk,4,2026,0,,2,5.0,6.0,5.0,7.0,0.4117647058823529,0.20588235294117646,0.4117647058823529,0.0,0,1.0,2.0,0.6886723820137391,0.02548820990264411,0.6886723820137391,-0.6376959622084509,0.3125,0.625,0.625,0.0,8.666666666666666,9.0,7.0,10.0
Grace Roberts,Wright,3,2026,0,,0,,,,,,,,,1,0.0,1.0,-0.4510677973542158,-0.4510677973542158,-0.4510677973542158,-0.4510677973542158,0.625,0.125,1.0,0.125,8.25,6.0,6.0,11.0
Grace Rodsjo,Wamburun,1,2024,7,0.25,0,,,,,,,,,1,0.0,,,,,,,,,,5.5,4.0,4.0,7.0
Gracie Danielson,Bruce,4,2023,6,0.375,0,,,,,,,,,1,0.0,2.0,-0.613699625169693,-0.7568498125848465,-0.613699625169693,-0.9,0.8,0.8,0.8,0.8,2.0,2.0,2.0,2.0
Gracie Danielson,Bruce,3,2024,DNF,0.0,1,4.0,4.0,4.0,4.0,0.375,0.375,0.375,0.375,0,0.0,3.0,-0.27386664326880245,-0.5958554228128318,-0.27386664326880245,-0.9,0.6,1.0,1.0,0.2,2.0,2.0,2.0,2.0
Gracie Danielson,Bruce,2,2025,DNF,0.0,2,3.0,3.5,3.0,4.0,0.0,0.1875,0.375,0.0,0,1.0,4.0,0.06049936051721224,-0.4317667269803208,0.06049936051721224,-0.9,1.0,1.0,1.0,1.0,1.6666666666666667,1.0,1.0,2.0
Gracie Danielson,Bruce,2,2026,0,,3,2.0,3.0,2.0,4.0,0.0,0.125,0.375,0.0,0,2.0,5.0,0.5305665812865232,-0.239300065326952,0.5305665812865232,-0.9,0.75,0.0,1.0,0.0,3.0,7.0,1.0,7.0
Greg Lane,Div X4,5,2024,,,0,,,,,,,,,1,0.0,1.0,-0.5490251103266086,-0.5490251103266086,-0.5490251103266086,-0.5490251103266086,,,,,,,,
Grover Lancaster-Cole,Griffin,5,2022,6,0.375,0,,,,,,,,,1,0.0,1.0,-0.87,-0.87,-0.87,-0.87,,,,,,,,
Gus Coleman,Fenner,7,2022,1,1.0,0,,,,,,,,,1,0.0,,,,,,,,,,,,,
Gus Dowdle,Div X2,5,2024,,,0,,,,,,,,,1,0.0,1.0,0.20380255238758768,0.20380255238758768,0.20380255238758768,0.20380255238758768,,,,,,,,
Gus Oxenham,Wright,6,2023,DNF,0.0,0,,,,,,,,,1,0.0,,,,,,0.5,0.5,0.5,0.5,6.0,6.0,6.0,6.0
Guy Archibald,Wright,5,2024,7,0.5384615384615384,0,,,,,,,,,1,0.0,2.0,0.12358447581469537,0.04008076848503078,0.12358447581469537,-0.04342293884463381,0.6125,0.6,0.625,0.6,8.0,10.0,6.0,10.0
Guyver Fu,Griffin,1,2022,1,1.0,0,,,,,,,,,1,0.0,2.0,2.34,1.4049999999999998,2.34,0.47,,,,,,,,
Guyver Fu,Griffin,1,2023,DNF,0.0,1,1.0,1.0,1.0,1.0,1.0,1.0,1.0,1.0,0,0.0,2.0,2.34,1.4049999999999998,2.34,0.47,1.0,1.0,1.0,1.0,3.0,3.0,3.0,3.0
Guyver Fu,Griffin,1,2024,1,1.0,2,1.0,1.0,1.0,1.0,0.0,0.5,1.0,0.0,0,1.0,3.0,2.538864353322105,1.7829547844407017,2.538864353322105,0.47,0.5,0.0,1.0,0.0,5.5,8.0,3.0,8.0
Guyver Fu,Griffin,1,2025,1,1.0,3,1.0,1.0,1.0,1.0,1.0,0.6666666666666666,1.0,0.0,0,1.0,4.0,2.3545697066158198,1.9258585149844811,2.538864353322105,0.47,0.6666666666666666,1.0,1.0,0.0,5.333333333333333,5.0,3.0,8.0
Guyver Fu,Griffin,1,2026,0,,4,1.0,1.0,1.0,1.0,1.0,0.75,1.0,0.0,0,1.0,5.0,2.664994891103939,2.0736857902083727,2.664994891103939,0.47,0.75,1.0,1.0,0.0,4.25,1.0,1.0,8.0
Hadyn Tang,Bruce,6,2022,1,1.0,0,,,,,,,,,1,0.0,1.0,-0.29,-0.29,-0.29,-0.29,,,,,,,,
Hadyn Tang,Bruce,7,2023,5,0.6,1,6.0,6.0,6.0,6.0,1.0,1.0,1.0,1.0,0,0.0,2.0,-0.20019078682006025,-0.24509539341003012,-0.20019078682006025,-0.29,0.7777777777777778,0.7777777777777778,0.7777777777777778,0.7777777777777778,2.0,2.0,2.0,2.0
Hallie Boucher,Yukeembruk,2,2026,0,,0,,,,,,,,,1,0.0,2.0,0.6491459318319351,-0.09401720414906695,0.6491459318319351,-0.837180340130069,,,,,8.666666666666666,9.0,7.0,10.0
Hamish Fragiacomo,Ursula,6,2024,DNF,0.0,0,,,,,,,,,1,0.0,1.0,0.20380255238758768,0.20380255238758768,0.20380255238758768,0.20380255238758768,0.7386363636363636,0.7272727272727273,0.75,0.7272727272727273,6.5,9.0,4.0,9.0
Hamish Fyffe,Wamburun,6,2024,DNF,0.0,0,,,,,,,,,1,0.0,,,,,,0.9090909090909091,0.9090909090909091,0.9090909090909091,0.9090909090909091,5.5,4.0,4.0,7.0
Hamish Fyffe,Wamburun,7,2025,6,0.5454545454545454,1,6.0,6.0,6.0,6.0,0.0,0.0,0.0,0.0,0,1.0,1.0,-1.6278407431456867,-1.6278407431456867,-1.6278407431456867,-1.6278407431456867,0.24074074074074073,0.0,0.5,0.0,6.666666666666667,9.0,4.0,9.0
Hamish Fyffe,Wamburun,7,2026,0,,2,7.0,6.5,6.0,7.0,0.5454545454545454,0.2727272727272727,0.5454545454545454,0.0,0,1.0,1.0,-1.6278407431456867,-1.6278407431456867,-1.6278407431456867,-1.6278407431456867,0.31691919191919193,0.5454545454545454,0.5454545454545454,0.0,7.75,11.0,4.0,11.0
Hamish McEwen,BNG,1,2024,2,0.875,0,,,,,,,,,1,0.0,,,,,,0.875,1.0,1.0,0.75,1.0,1.0,1.0,1.0
Hamish McEwen,BNG,2,2025,5,0.5,1,1.0,1.0,1.0,1.0,0.875,0.875,0.875,0.875,0,0.0,,,,,,0.5277777777777778,0.25,0.8333333333333334,0.25,1.3333333333333333,2.0,1.0,2.0
Hamish McEwen,BNG,1,2026,0,,2,2.0,1.5,1.0,2.0,0.5,0.6875,0.875,0.5,0,0.0,,,,,,0.8784722222222222,0.8888888888888888,1.0,0.75,2.25,5.0,1.0,5.0
Hamish Robertson,Bruce,5,2022,1,1.0,0,,,,,,,,,1,0.0,1.0,-0.29,-0.29,-0.29,-0.29,,,,,,,,
Hamish Robertson,Bruce,5,2023,7,0.4,1,5.0,5.0,5.0,5.0,1.0,1.0,1.0,1.0,0,0.0,2.0,2.07410782410292,0.8920539120514599,2.07410782410292,-0.29,1.0,1.0,1.0,1.0,2.0,2.0,2.0,2.0
Hamish Robertson,Bruce,4,2024,1,1.0,2,5.0,5.0,5.0,5.0,0.4,0.7,1.0,0.4,0,0.0,3.0,2.0191205822129157,1.2677428021052786,2.07410782410292,-0.29,0.5875,0.375,0.8,0.375,2.0,2.0,2.0,2.0
Hamish Whyte,Lodge,1,2024,3,0.75,0,,,,,,,,,1,0.0,,,,,,,,,,8.0,6.0,6.0,10.0
Han Leng Chai,Wamburun,5,2026,0,,0,,,,,,,,,1,0.0,1.0,-3.0,-3.0,-3.0,-3.0,0.42005090497737557,0.47058823529411764,0.7,0.125,7.75,11.0,4.0,11.0
Hannah Benhassine,Burgmann,5,2024,4,0.7692307692307693,0,,,,,,,,,1,0.0,,,,,,0.125,0.0,0.25,0.0,9.5,11.0,8.0,11.0
Hannah Lovlin,Fenner,3,2022,DNF,0.0,0,,,,,,,,,1,0.0,1.0,-1.39,-1.39,-1.39,-1.39,,,,,,,,
Hannah Lovlin,Fenner,2,2023,5,0.3333333333333333,1,3.0,3.0,3.0,3.0,0.0,0.0,0.0,0.0,0,1.0,2.0,-0.13127264709512143,-0.7606363235475606,-0.13127264709512143,-1.39,0.0,0.0,0.0,0.0,9.0,9.0,9.0,9.0
Hannah Lovlin,Fenner,1,2024,DNF,0.0,2,2.0,2.5,2.0,3.0,0.3333333333333333,0.16666666666666666,0.3333333333333333,0.0,0,1.0,3.0,-0.27386664326880245,-0.5983797634546413,-0.13127264709512143,-1.39,0.25,0.25,0.25,0.25,6.0,3.0,3.0,9.0
Hannah Nelson,Wamburun,5,2024,9,0.38461538461538464,0,,,,,,,,,1,0.0,,,,,,0.4125,0.7,0.7,0.125,5.5,4.0,4.0,7.0
Hannah Price,Bruce,3,2022,5,0.2,0,,,,,,,,,1,0.0,,,,,,,,,,,,,
Hannah Stewart,Bruce,7,2023,5,0.6,0,,,,,,,,,1,0.0,1.0,-0.613699625169693,-0.613699625169693,-0.613699625169693,-0.613699625169693,0.7777777777777778,0.7777777777777778,0.7777777777777778,0.7777777777777778,2.0,2.0,2.0,2.0
Hannah Stewart,Bruce,7,2024,8,0.125,1,7.0,7.0,7.0,7.0,0.6,0.6,0.6,0.6,0,0.0,2.0,0.06243814980184954,-0.2756307376839217,0.06243814980184954,-0.613699625169693,0.6888888888888889,0.6,0.7777777777777778,0.6,2.0,2.0,2.0,2.0
Hannah Stewart,Griffin,7,2026,0,,2,7.0,7.0,7.0,7.0,0.125,0.3625,0.6,0.125,0,0.0,3.0,-0.536647573622185,-0.36263634966334274,0.06243814980184954,-0.613699625169693,0.3976641414141414,0.45454545454545453,0.625,0.1111111111111111,4.25,1.0,1.0,8.0
Hannah Vardy,Griffin,7,2023,7,0.4,0,,,,,,,,,1,0.0,1.0,-0.8137257052665456,-0.8137257052665456,-0.8137257052665456,-0.8137257052665456,0.1111111111111111,0.1111111111111111,0.1111111111111111,0.1111111111111111,3.0,3.0,3.0,3.0
Hannah Vardy,Griffin,4,2025,2,0.875,1,7.0,7.0,7.0,7.0,0.4,0.4,0.4,0.4,0,0.0,3.0,0.8806351561279945,-0.057272585167922004,0.8806351561279945,-0.8137257052665456,0.5125,0.625,0.625,0.4,5.333333333333333,5.0,3.0,8.0
Hannah Vardy,Griffin,7,2026,0,,2,4.0,5.5,4.0,7.0,0.875,0.6375,0.875,0.4,0,0.0,5.0,0.07122123116119197,-0.032585339156622185,0.8806351561279945,-0.8137257052665456,0.3976641414141414,0.45454545454545453,0.625,0.1111111111111111,4.25,1.0,1.0,8.0
Hannah Wang,Wright,3,2025,8,0.125,0,,,,,,,,,1,0.0,1.0,-0.8272633284838736,-0.8272633284838736,-0.8272633284838736,-0.8272633284838736,0.875,1.0,1.0,0.75,9.0,11.0,6.0,11.0
Harriet Gunn,Wamburun,3,2026,0,,0,,,,,,,,,1,0.0,,,,,,0.0,0.0,0.0,0.0,7.75,11.0,4.0,11.0
Harrison Arnold,BNG,3,2024,DQ,0.0,0,,,,,,,,,1,0.0,1.0,0.03186498679542663,0.03186498679542663,0.03186498679542663,0.03186498679542663,0.4,0.0,0.8,0.0,1.0,1.0,1.0,1.0
Harrison Arnold,Griffin,2,2025,1,1.0,1,3.0,3.0,3.0,3.0,0.0,0.0,0.0,0.0,0,1.0,2.0,0.3597259273996393,0.195795457097533,0.3597259273996393,0.03186498679542663,0.4375,0.875,0.875,0.0,5.333333333333333,5.0,3.0,8.0
Harrison Flynn,Griffin,2,2025,1,1.0,0,,,,,,,,,1,0.0,,,,,,0.4375,0.875,0.875,0.0,5.333333333333333,5.0,3.0,8.0
Harrison Flynn,Griffin,1,2026,0,,1,2.0,2.0,2.0,2.0,1.0,1.0,1.0,1.0,0,0.0,,,,,,0.75,1.0,1.0,0.0,4.25,1.0,1.0,8.0
Harry Fortune,Div X6,6,2025,,,0,,,,,,,,,1,0.0,1.0,1.094122466704478,1.094122466704478,1.094122466704478,1.094122466704478,,,,,,,,
Harry Greenfield,Bruce,1,2026,0,,0,,,,,,,,,1,0.0,1.0,1.3606220351044072,1.3606220351044072,1.3606220351044072,1.3606220351044072,0.44791666666666663,0.3333333333333333,0.625,0.3333333333333333,3.0,7.0,1.0,7.0
Harry Powell,Ursula,6,2022,3,0.75,0,,,,,,,,,1,0.0,,,,,,,,,,,,,
Harry Seeto,Bruce,4,2026,0,,0,,,,,,,,,1,0.0,1.0,1.3606220351044072,1.3606220351044072,1.3606220351044072,1.3606220351044072,0.54375,0.0,1.0,0.0,3.0,7.0,1.0,7.0
Harry Silke,Wamburun,4,2022,3,0.6,0,,,,,,,,,1,0.0,1.0,-1.21,-1.21,-1.21,-1.21,,,,,,,,
Harry Silke,Wamburun,4,2023,2,0.875,1,4.0,4.0,4.0,4.0,0.6,0.6,0.6,0.6,0,0.0,2.0,1.102228455315594,-0.05388577234220293,1.102228455315594,-1.21,0.6,0.6,0.6,0.6,7.0,7.0,7.0,7.0
Harry Silke,Wamburun,1,2024,7,0.25,2,4.0,4.0,4.0,4.0,0.875,0.7375,0.875,0.6,0,0.0,4.0,0.24500680092629126,0.06520493301414519,1.102228455315594,-1.21,,,,,5.5,4.0,4.0,7.0
Harry Talbot,Burgmann,1,2026,0,,0,,,,,,,,,1,0.0,2.0,0.35610615580595983,-0.30766618490803455,0.35610615580595983,-0.9714385256220289,0.15277777777777776,0.3333333333333333,0.3333333333333333,0.0,6.25,2.0,2.0,11.0
Harry Wu,Yukeembruk,5,2023,3,0.8,0,,,,,,,,,1,0.0,1.0,0.9714175885038993,0.9714175885038993,0.9714175885038993,0.9714175885038993,,,,,,,,
Harry Wu,Yukeembruk,6,2024,DNF,0.0,1,5.0,5.0,5.0,5.0,0.8,0.8,0.8,0.8,0,0.0,2.0,0.09301131280827245,0.5322144506560859,0.9714175885038993,0.09301131280827245,0.7272727272727273,0.7272727272727273,0.7272727272727273,0.7272727272727273,7.0,7.0,7.0,7.0
Harshill Bothra,Wright,3,2025,8,0.125,0,,,,,,,,,1,0.0,2.0,1.094122466704478,0.5150487017952462,1.094122466704478,-0.0640250631139856,0.875,1.0,1.0,0.75,9.0,11.0,6.0,11.0
Hartley Lucas,Lodge,6,2024,DNF,0.0,0,,,,,,,,,1,0.0,1.0,-0.12100082823668791,-0.12100082823668791,-0.12100082823668791,-0.12100082823668791,0.3977272727272727,0.5454545454545454,0.5454545454545454,0.25,8.0,6.0,6.0,10.0
Haruto Ihaya,Ursula,6,2023,4,0.7272727272727273,0,,,,,,,,,1,0.0,,,,,,0.75,0.75,0.75,0.75,4.0,4.0,4.0,4.0
Hayden Chan,Div X2,5,2023,,,0,,,,,,,,,1,0.0,2.0,0.11836010258422501,-0.08581994870788748,0.11836010258422501,-0.29,,,,,,,,
Hayden Chan,Div X3,5,2025,,,1,5.0,5.0,5.0,5.0,,,,,0,0.0,3.0,-1.948071709010412,-0.7065705354753957,0.11836010258422501,-1.948071709010412,,,,,,,,
Hayden Mendoza,Fenner,7,2023,3,0.8,0,,,,,,,,,1,0.0,1.0,0.14439991180463374,0.14439991180463374,0.14439991180463374,0.14439991180463374,1.0,1.0,1.0,1.0,9.0,9.0,9.0,9.0
Hayley Tobin,Lodge,6,2022,7,0.25,0,,,,,,,,,1,0.0,,,,,,,,,,,,,
Hazel AD,BNG,2,2023,2,0.8333333333333334,0,,,,,,,,,1,0.0,,,,,,0.5,0.5,0.5,0.5,1.0,1.0,1.0,1.0
Helena Widenborg,BNG,6,2024,3,0.6,0,,,,,,,,,1,0.0,,,,,,0.7215909090909092,0.8181818181818182,0.8181818181818182,0.625,1.0,1.0,1.0,1.0
Helena Wong Hansen,Wright,3,2023,2,0.75,0,,,,,,,,,1,0.0,,,,,,,,,,6.0,6.0,6.0,6.0
Henry Brigstocke,Johns,7,2023,9,0.2,0,,,,,,,,,1,0.0,1.0,0.9714175885038993,0.9714175885038993,0.9714175885038993,0.9714175885038993,0.6666666666666666,0.6666666666666666,0.6666666666666666,0.6666666666666666,5.0,5.0,5.0,5.0
Hermione Campbell,Johns,6,2025,4,0.8125,0,,,,,,,,,1,0.0,,,,,,0.4431818181818182,0.0,0.875,0.0,5.666666666666667,7.0,5.0,7.0
Holly Alder,Johns,7,2026,0,,0,,,,,,,,,1,0.0,1.0,-0.2204359721677529,-0.2204359721677529,-0.2204359721677529,-0.2204359721677529,0.4922348484848485,0.7272727272727273,0.7272727272727273,0.2,5.25,4.0,4.0,7.0
Holly Dawson,Ursula,5,2022,5,0.5,0,,,,,,,,,1,0.0,,,,,,,,,,,,,
Holly Thompson,Johns,7,2025,4,0.7272727272727273,0,,,,,,,,,1,0.0,,,,,,0.4138888888888889,0.375,0.6666666666666666,0.2,5.666666666666667,7.0,5.0,7.0
Hugh Calder,Burgmann,3,2025,4,0.625,0,,,,,,,,,1,0.0,,,,,,0.0,0.0,0.0,0.0,7.666666666666667,4.0,4.0,11.0
Hugh Coppell,Griffin,4,2022,4,0.4,0,,,,,,,,,1,0.0,1.0,0.56,0.56,0.56,0.56,,,,,,,,
Hugh Pentland,Wamburun,7,2022,8,0.2222222222222222,0,,,,,,,,,1,0.0,1.0,-1.21,-1.21,-1.21,-1.21,,,,,,,,
Hugh Pentland,Wamburun,5,2023,4,0.7,1,7.0,7.0,7.0,7.0,0.2222222222222222,0.2222222222222222,0.2222222222222222,0.2222222222222222,0,0.0,1.0,-1.21,-1.21,-1.21,-1.21,0.125,0.125,0.125,0.125,7.0,7.0,7.0,7.0
Hugh Pentland,Div X2,5,2024,,,2,5.0,6.0,5.0,7.0,0.7,0.4611111111111111,0.7,0.2222222222222222,0,0.0,2.0,0.20380255238758768,-0.5030987238062061,0.20380255238758768,-1.21,,,,,,,,
Hugh Ritchie,Johns,5,2023,1,1.0,0,,,,,,,,,1,0.0,2.0,-0.13127264709512143,-0.020636323547560717,0.09,-0.13127264709512143,0.75,0.75,0.75,0.75,5.0,5.0,5.0,5.0
Hugh Ritchie,Div X2,2,2024,DNF,0.0,1,5.0,5.0,5.0,5.0,1.0,1.0,1.0,1.0,0,0.0,3.0,0.6158450377746235,0.1915241302265007,0.6158450377746235,-0.13127264709512143,,,,,,,,
Hugh Ritchie,Div X5,5,2025,,,2,2.0,3.5,2.0,5.0,0.0,0.5,1.0,0.0,0,1.0,4.0,0.1334295691103022,0.17700048994745107,0.6158450377746235,-0.13127264709512143,0.0,0.0,0.0,0.0,,,,
Hugo Baird,Wright,5,2026,0,,0,,,,,,,,,1,0.0,,,,,,0.5879242081447964,0.5882352941176471,0.625,0.5384615384615384,8.25,6.0,6.0,11.0
Hugo Bennett,Johns,4,2023,7,0.25,0,,,,,,,,,1,0.0,1.0,-0.4069452059948766,-0.4069452059948766,-0.4069452059948766,-0.4069452059948766,,,,,5.0,5.0,5.0,5.0
Hugo Bennett,Johns,5,2025,9,0.5294117647058824,1,4.0,4.0,4.0,4.0,0.25,0.25,0.25,0.25,0,0.0,1.0,-0.4069452059948766,-0.4069452059948766,-0.4069452059948766,-0.4069452059948766,0.7371794871794872,0.46153846153846156,1.0,0.46153846153846156,5.666666666666667,7.0,5.0,7.0
Hunter Trumble,Fenner,6,2024,2,0.8,0,,,,,,,,,1,0.0,1.0,-0.5490251103266086,-0.5490251103266086,-0.5490251103266086,-0.5490251103266086,0.2727272727272727,0.2727272727272727,0.2727272727272727,0.2727272727272727,6.0,3.0,3.0,9.0
Hunter Trumble,Fenner,3,2025,1,1.0,1,6.0,6.0,6.0,6.0,0.8,0.8,0.8,0.8,0,0.0,2.0,-0.4382115842868329,-0.4936183473067207,-0.4382115842868329,-0.5490251103266086,0.21666666666666667,0.4,0.4,0.0,5.0,3.0,3.0,9.0
Indi Dark,Wright,2,2026,0,,0,,,,,,,,,1,0.0,,,,,,0.375,0.75,0.75,0.0,8.25,6.0,6.0,11.0
Indi Flores,Griffin,6,2026,0,,0,,,,,,,,,1,0.0,1.0,0.17482852965028714,0.17482852965028714,0.17482852965028714,0.17482852965028714,0.5909090909090909,0.625,1.0,0.36363636363636365,4.25,1.0,1.0,8.0
India Sinclair,Johns,5,2024,8,0.46153846153846156,0,,,,,,,,,1,0.0,1.0,0.09301131280827245,0.09301131280827245,0.09301131280827245,0.09301131280827245,0.875,1.0,1.0,0.75,5.0,5.0,5.0,5.0
India Sinclair,Johns,3,2025,5,0.5,1,5.0,5.0,5.0,5.0,0.46153846153846156,0.46153846153846156,0.46153846153846156,0.46153846153846156,0,0.0,1.0,0.09301131280827245,0.09301131280827245,0.09301131280827245,0.09301131280827245,0.20000000000000004,0.2,0.4,0.0,5.666666666666667,7.0,5.0,7.0
Indiana O'Loughlin,Bruce,5,2023,7,0.4,0,,,,,,,,,1,0.0,,,,,,1.0,1.0,1.0,1.0,2.0,2.0,2.0,2.0
Indira Shinn Rees,Griffin,4,2022,4,0.4,0,,,,,,,,,1,0.0,1.0,-0.24,-0.24,-0.24,-0.24,,,,,,,,
Inez Corsby,Wright,2,2026,0,,0,,,,,,,,,1,0.0,,,,,,0.375,0.75,0.75,0.0,8.25,6.0,6.0,11.0
Ioan Hastie,Fenner,3,2022,DNF,0.0,0,,,,,,,,,1,0.0,1.0,-0.72,-0.72,-0.72,-0.72,,,,,,,,
Ioan Hastie,Fenner,3,2023,4,0.25,1,3.0,3.0,3.0,3.0,0.0,0.0,0.0,0.0,0,1.0,1.0,-0.72,-0.72,-0.72,-0.72,0.0,0.0,0.0,0.0,9.0,9.0,9.0,9.0
Ioan Hastie,Fenner,3,2024,4,0.4,2,3.0,3.0,3.0,3.0,0.25,0.125,0.25,0.0,0,1.0,2.0,-0.3044398062752254,-0.5122199031376127,-0.3044398062752254,-0.72,0.125,0.25,0.25,0.0,6.0,3.0,3.0,9.0
Isaac Gorline-Singleman,Lodge,1,2024,3,0.75,0,,,,,,,,,1,0.0,,,,,,,,,,8.0,6.0,6.0,10.0
Isaac Gorline-Singleman,Lodge,1,2025,3,0.7777777777777778,1,1.0,1.0,1.0,1.0,0.75,0.75,0.75,0.75,0,0.0,1.0,-0.3883404898064284,-0.3883404898064284,-0.3883404898064284,-0.3883404898064284,0.75,0.75,0.75,0.75,8.0,8.0,6.0,10.0
Isaac Walker,Johns,5,2022,3,0.75,0,,,,,,,,,1,0.0,1.0,-0.58,-0.58,-0.58,-0.58,,,,,,,,
Isaac Walker,Johns,2,2023,3,0.6666666666666666,1,5.0,5.0,5.0,5.0,0.75,0.75,0.75,0.75,0,0.0,2.0,0.532620461629012,-0.02368976918549398,0.532620461629012,-0.58,,,,,5.0,5.0,5.0,5.0
Isabella Foster,Griffin,4,2026,0,,0,,,,,,,,,1,0.0,1.0,0.17482852965028714,0.17482852965028714,0.17482852965028714,0.17482852965028714,0.6333333333333333,0.875,0.875,0.4,4.25,1.0,1.0,8.0
Isabella Lilford,Bruce,4,2022,2,0.8,0,,,,,,,,,1,0.0,1.0,0.23,0.23,0.23,0.23,,,,,,,,
Isabella Lilford,Bruce,5,2023,7,0.4,1,4.0,4.0,4.0,4.0,0.8,0.8,0.8,0.8,0,0.0,2.0,-0.062354507370182645,0.08382274631490869,0.23,-0.062354507370182645,1.0,1.0,1.0,1.0,2.0,2.0,2.0,2.0
Isabella Vacaflores,Fenner,2,2022,DNF,0.0,0,,,,,,,,,1,0.0,1.0,-0.1,-0.1,-0.1,-0.1,,,,,,,,
Isabelle Bannan,Bruce,6,2026,0,,0,,,,,,,,,1,0.0,,,,,,0.784375,0.9375,1.0,0.2,3.0,7.0,1.0,7.0
Isabelle Dunk,Div X2,6,2023,,,0,,,,,,,,,1,0.0,1.0,0.4290553718678152,0.4290553718678152,0.4290553718678152,0.4290553718678152,,,,,,,,
Isi Reed,Wright,6,2025,5,0.75,0,,,,,,,,,1,0.0,1.0,0.11037045499761675,0.11037045499761675,0.11037045499761675,0.11037045499761675,0.16666666666666666,0.0,0.5,0.0,9.0,11.0,6.0,11.0
Issie Hunter,Johns,3,2026,0,,0,,,,,,,,,1,0.0,1.0,0.5305665812865232,0.5305665812865232,0.5305665812865232,0.5305665812865232,0.275,0.5,0.5,0.0,5.25,4.0,4.0,7.0
Izzy Skarrot,Bruce,4,2025,DNF,0.0,0,,,,,,,,,1,0.0,,,,,,0.725,1.0,1.0,0.375,1.6666666666666667,1.0,1.0,2.0
Jace Nepean,Bruce,3,2024,DNF,0.0,0,,,,,,,,,1,0.0,1.0,1.1936451810394972,1.1936451810394972,1.1936451810394972,1.1936451810394972,0.6,1.0,1.0,0.2,2.0,2.0,2.0,2.0
Jace Nepean,Lodge,1,2025,3,0.7777777777777778,1,3.0,3.0,3.0,3.0,0.0,0.0,0.0,0.0,0,1.0,2.0,0.6589524942820664,0.9262988376607818,1.1936451810394972,0.6589524942820664,0.75,0.75,0.75,0.75,8.0,8.0,6.0,10.0
Jace Nepean,Lodge,5,2026,0,,2,1.0,2.0,1.0,3.0,0.7777777777777778,0.3888888888888889,0.7777777777777778,0.0,0,1.0,3.0,0.9258310831045632,0.9261429194753755,1.1936451810394972,0.6589524942820664,0.7214177978883862,0.9411764705882353,0.9411764705882353,0.3,8.5,10.0,6.0,10.0
Jack Beresford,Johns,5,2026,0,,0,,,,,,,,,1,0.0,1.0,0.8072517325591512,0.8072517325591512,0.8072517325591512,0.8072517325591512,0.685237556561086,0.5294117647058824,1.0,0.46153846153846156,5.25,4.0,4.0,7.0
Jack Gannon,Ursula,4,2026,0,,0,,,,,,,,,1,0.0,1.0,0.17482852965028714,0.17482852965028714,0.17482852965028714,0.17482852965028714,0.2589285714285714,0.0,0.75,0.0,6.75,8.0,4.0,9.0
Jack Gooday,Div X1,4,2023,,,0,,,,,,,,,1,0.0,1.0,1.361141179718586,1.361141179718586,1.361141179718586,1.361141179718586,,,,,,,,
Jack Lee,Wright,1,2026,0,,0,,,,,,,,,1,0.0,,,,,,0.38888888888888884,0.1111111111111111,0.6666666666666666,0.1111111111111111,8.25,6.0,6.0,11.0
Jack McKay,Johns,3,2022,4,0.4,0,,,,,,,,,1,0.0,,,,,,,,,,,,,
Jack Pritchard,Fenner,7,2022,1,1.0,0,,,,,,,,,1,0.0,,,,,,,,,,,,,
Jack Richardson,Lodge,4,2022,DNF,0.0,0,,,,,,,,,1,0.0,1.0,-0.87,-0.87,-0.87,-0.87,,,,,,,,
Jack Richardson,Lodge,2,2023,4,0.5,1,4.0,4.0,4.0,4.0,0.0,0.0,0.0,0.0,0,1.0,3.0,1.102228455315594,0.24040635524830725,1.102228455315594,-0.87,,,,,10.0,10.0,10.0,10.0
Jack Richardson,Lodge,3,2024,3,0.6,2,2.0,3.0,2.0,4.0,0.5,0.25,0.5,0.0,0,1.0,3.0,1.102228455315594,0.24040635524830725,1.102228455315594,-0.87,,,,,8.0,6.0,6.0,10.0
Jackie Chan,Lodge,4,2022,DNF,0.0,0,,,,,,,,,1,0.0,,,,,,,,,,,,,
Jackson Court,Burgmann,2,2023,DNF,0.0,0,,,,,,,,,1,0.0,1.0,-3.0,-3.0,-3.0,-3.0,,,,,8.0,8.0,8.0,8.0
Jackson Court,Burgmann,2,2024,4,0.625,1,2.0,2.0,2.0,2.0,0.0,0.0,0.0,0.0,0,1.0,2.0,1.0278875231616593,-0.9860562384191703,1.0278875231616593,-3.0,0.0,0.0,0.0,0.0,9.5,11.0,8.0,11.0
Jackson O'Brien,Div X7,6,2025,,,0,,,,,,,,,1,0.0,1.0,-0.45366053497502745,-0.45366053497502745,-0.45366053497502745,-0.45366053497502745,,,,,,,,
Jacob Bos,Wright,6,2023,DNF,0.0,0,,,,,,,,,1,0.0,1.0,-0.4069452059948766,-0.4069452059948766,-0.4069452059948766,-0.4069452059948766,0.5,0.5,0.5,0.5,6.0,6.0,6.0,6.0
Jacob George,Burgmann,6,2024,4,0.4,0,,,,,,,,,1,0.0,1.0,0.45988926888534737,0.45988926888534737,0.45988926888534737,0.45988926888534737,0.0625,0.0,0.125,0.0,9.5,11.0,8.0,11.0
Jacob George,Div X1,5,2025,,,1,6.0,6.0,6.0,6.0,0.4,0.4,0.4,0.4,0,0.0,1.0,0.45988926888534737,0.45988926888534737,0.45988926888534737,0.45988926888534737,,,,,,,,
Jacob Gome,Bruce,1,2022,3,0.5,0,,,,,,,,,1,0.0,1.0,0.04,0.04,0.04,0.04,,,,,,,,
Jacob Gome,Bruce,1,2023,3,0.3333333333333333,1,1.0,1.0,1.0,1.0,0.5,0.5,0.5,0.5,0,0.0,2.0,0.6957450296041441,0.36787251480207206,0.6957450296041441,0.04,0.5,0.5,0.5,0.5,2.0,2.0,2.0,2.0
Jacob Gome,Bruce,2,2024,1,1.0,2,1.0,1.0,1.0,1.0,0.3333333333333333,0.41666666666666663,0.5,0.3333333333333333,0,0.0,4.0,2.0191205822129157,0.5696995158290096,2.0191205822129157,-0.4760675485010214,1.0,1.0,1.0,1.0,2.0,2.0,2.0,2.0
Jacquie Ryan,Burgmann,6,2023,DNF,0.0,0,,,,,,,,,1,0.0,,,,,,0.125,0.125,0.125,0.125,8.0,8.0,8.0,8.0
Jacquie Ryan,Div X4,5,2025,,,1,6.0,6.0,6.0,6.0,0.0,0.0,0.0,0.0,0,1.0,,,,,,,,,,,,,
Jade Cross,Bruce,6,2024,5,0.2,0,,,,,,,,,1,0.0,,,,,,1.0,1.0,1.0,1.0,2.0,2.0,2.0,2.0
Jade Wilson,Fenner,5,2026,0,,0,,,,,,,,,1,0.0,1.0,-0.2599624223495569,-0.2599624223495569,-0.2599624223495569,-0.2599624223495569,0.7036199095022625,0.7647058823529411,0.8461538461538461,0.5,4.5,3.0,3.0,9.0
Jake Cane,Wright,5,2026,0,,0,,,,,,,,,1,0.0,1.0,0.9258310831045632,0.9258310831045632,0.9258310831045632,0.9258310831045632,0.5879242081447964,0.5882352941176471,0.625,0.5384615384615384,8.25,6.0,6.0,11.0
James Anderson ,Ursula,6,2026,0,,0,,,,,,,,,1,0.0,,,,,,0.5880681818181819,0.875,0.875,0.0,6.75,8.0,4.0,9.0
James Brandon,Wamburun,1,2025,6,0.4444444444444444,0,,,,,,,,,1,0.0,2.0,0.1868013967544231,-0.08939236776682405,0.1868013967544231,-0.3655861322880712,0.25,0.25,0.25,0.25,6.666666666666667,9.0,4.0,9.0
James Collier,Johns,6,2024,DNF,0.0,0,,,,,,,,,1,0.0,1.0,0.09301131280827245,0.09301131280827245,0.09301131280827245,0.09301131280827245,0.6647727272727273,0.45454545454545453,0.875,0.45454545454545453,5.0,5.0,5.0,5.0
James Collier,Johns,2,2025,4,0.625,1,6.0,6.0,6.0,6.0,0.0,0.0,0.0,0.0,0,1.0,2.0,-0.3469168796867857,-0.12695278343925662,0.09301131280827245,-0.3469168796867857,0.5208333333333333,0.375,0.6666666666666666,0.375,5.666666666666667,7.0,5.0,7.0
James Collier,Johns,1,2026,0,,2,2.0,4.0,2.0,6.0,0.625,0.3125,0.625,0.0,0,1.0,3.0,0.6886723820137391,0.14492227171174196,0.6886723820137391,-0.3469168796867857,0.26041666666666663,0.6666666666666666,0.6666666666666666,0.0,5.25,4.0,4.0,7.0
James Harris,Griffin,6,2024,1,1.0,0,,,,,,,,,1,0.0,,,,,,0.3693181818181818,0.36363636363636365,0.375,0.36363636363636365,5.5,8.0,3.0,8.0
James Harris,Griffin,5,2025,4,0.8235294117647058,1,6.0,6.0,6.0,6.0,1.0,1.0,1.0,1.0,0,0.0,2.0,0.4095970218800438,0.5871300956045634,0.764663169329083,0.4095970218800438,0.1875,0.0,0.375,0.0,5.333333333333333,5.0,3.0,8.0
James Hewitt,Burgmann,5,2026,0,,0,,,,,,,,,1,0.0,,,,,,0.41657239819004527,0.6470588235294118,0.7692307692307693,0.0,6.25,2.0,2.0,11.0
James Hilsdon,Johns,2,2026,0,,0,,,,,,,,,1,0.0,1.0,0.6886723820137391,0.6886723820137391,0.6886723820137391,0.6886723820137391,0.5555555555555555,0.625,0.6666666666666666,0.375,5.25,4.0,4.0,7.0
James Johnston,Burgmann,5,2025,7,0.6470588235294118,0,,,,,,,,,1,0.0,1.0,0.45366053497502745,0.45366053497502745,0.45366053497502745,0.45366053497502745,0.3397435897435897,0.7692307692307693,0.7692307692307693,0.0,7.666666666666667,4.0,4.0,11.0
James Johnston,Burgmann,1,2026,0,,1,5.0,5.0,5.0,5.0,0.6470588235294118,0.6470588235294118,0.6470588235294118,0.6470588235294118,0,0.0,2.0,-0.4035869765800878,0.025036779197469827,0.45366053497502745,-0.4035869765800878,0.15277777777777776,0.3333333333333333,0.3333333333333333,0.0,6.25,2.0,2.0,11.0
James Kitchin,Ursula,3,2023,2,0.75,0,,,,,,,,,1,0.0,,,,,,0.6,0.6,0.6,0.6,4.0,4.0,4.0,4.0
James Kitchin,Ursula,2,2024,5,0.5,1,3.0,3.0,3.0,3.0,0.75,0.75,0.75,0.75,0,0.0,,,,,,,,,,6.5,9.0,4.0,9.0
James Klol,Div X1,6,2023,,,0,,,,,,,,,1,0.0,,,,,,,,,,,,,
James Molloy,Wamburun,6,2024,DNF,0.0,0,,,,,,,,,1,0.0,1.0,0.12358447581469537,0.12358447581469537,0.12358447581469537,0.12358447581469537,0.9090909090909091,0.9090909090909091,0.9090909090909091,0.9090909090909091,5.5,4.0,4.0,7.0
James Neal,Div X4,5,2025,,,0,,,,,,,,,1,0.0,,,,,,,,,,,,,
James Nouri-Azari,Burgmann,4,2023,DNF,0.0,0,,,,,,,,,1,0.0,1.0,-0.9690733399083408,-0.9690733399083408,-0.9690733399083408,-0.9690733399083408,,,,,8.0,8.0,8.0,8.0
James Reid,Burgmann,4,2023,DNF,0.0,0,,,,,,,,,1,0.0,2.0,-0.9690733399083408,-0.23453666995417038,0.5,-0.9690733399083408,,,,,8.0,8.0,8.0,8.0
James Reid,Burgmann,4,2024,4,0.5714285714285714,1,4.0,4.0,4.0,4.0,0.0,0.0,0.0,0.0,0,1.0,3.0,1.0278875231616593,0.18627139441777285,1.0278875231616593,-0.9690733399083408,0.0,0.0,0.0,0.0,9.5,11.0,8.0,11.0
James Ritchie,Johns,1,2025,4,0.6666666666666666,0,,,,,,,,,1,0.0,1.0,0.3597259273996393,0.3597259273996393,0.3597259273996393,0.3597259273996393,0.125,0.375,0.375,0.0,5.666666666666667,7.0,5.0,7.0
James Ritchie,Johns,1,2026,0,,1,1.0,1.0,1.0,1.0,0.6666666666666666,0.6666666666666666,0.6666666666666666,0.6666666666666666,0,0.0,2.0,0.6886723820137391,0.5241991547066892,0.6886723820137391,0.3597259273996393,0.26041666666666663,0.6666666666666666,0.6666666666666666,0.0,5.25,4.0,4.0,7.0
James Roche,Griffin,6,2024,1,1.0,0,,,,,,,,,1,0.0,,,,,,0.3693181818181818,0.36363636363636365,0.375,0.36363636363636365,5.5,8.0,3.0,8.0
Jamie Ford,Yukeembruk,4,2024,DNF,0.0,0,,,,,,,,,1,0.0,,,,,,,,,,7.0,7.0,7.0,7.0
Jamie Ford,Yukeembruk,7,2025,10,0.18181818181818182,1,4.0,4.0,4.0,4.0,0.0,0.0,0.0,0.0,0,1.0,,,,,,0.45,0.0,0.9,0.0,8.5,10.0,7.0,10.0
Jamie Graham,Johns,1,2022,DNF,0.0,0,,,,,,,,,1,0.0,1.0,-0.01,-0.01,-0.01,-0.01,,,,,,,,
Jamie Howarth-Carpenter,Fenner,2,2026,0,,0,,,,,,,,,1,0.0,2.0,1.2107609297402635,0.3963463533317453,1.2107609297402635,-0.4180682230767729,0.3645833333333333,0.375,0.75,0.0,4.5,3.0,3.0,9.0
Jasmine Burton,Bruce,3,2023,1,1.0,0,,,,,,,,,1,0.0,1.0,2.211944103552798,2.211944103552798,2.211944103552798,2.211944103552798,0.2,0.2,0.2,0.2,2.0,2.0,2.0,2.0
Jasmine Burton,Bruce,1,2024,4,0.625,1,3.0,3.0,3.0,3.0,1.0,1.0,1.0,1.0,0,0.0,2.0,1.4688036480973035,1.8403738758250507,2.211944103552798,1.4688036480973035,0.41666666666666663,0.3333333333333333,0.5,0.3333333333333333,2.0,2.0,2.0,2.0
Jasmine Burton,Bruce,1,2025,7,0.3333333333333333,2,1.0,2.0,1.0,3.0,0.625,0.8125,1.0,0.625,0,0.0,2.0,1.4688036480973035,1.8403738758250507,2.211944103552798,1.4688036480973035,0.4861111111111111,0.625,0.625,0.3333333333333333,1.6666666666666667,1.0,1.0,2.0
Jasmine Burton,Bruce,1,2026,0,,3,1.0,1.6666666666666667,1.0,3.0,0.3333333333333333,0.6527777777777778,1.0,0.3333333333333333,0,0.0,2.0,1.4688036480973035,1.8403738758250507,2.211944103552798,1.4688036480973035,0.44791666666666663,0.3333333333333333,0.625,0.3333333333333333,3.0,7.0,1.0,7.0
Jasper Walsh,Bruce,5,2025,3,0.8823529411764706,0,,,,,,,,,1,0.0,,,,,,0.7999999999999999,1.0,1.0,0.4,1.6666666666666667,1.0,1.0,2.0
Jassy Vyosimana,Div X5,6,2025,,,0,,,,,,,,,1,0.0,1.0,-0.667147845551511,-0.667147845551511,-0.667147845551511,-0.667147845551511,,,,,,,,
Jayden Lee,Yukeembruk,3,2024,2,0.8,0,,,,,,,,,1,0.0,1.0,-0.793610414377992,-0.793610414377992,-0.793610414377992,-0.793610414377992,,,,,7.0,7.0,7.0,7.0
Jayden Lee,Yukeembruk,3,2025,6,0.375,1,3.0,3.0,3.0,3.0,0.8,0.8,0.8,0.8,0,0.0,2.0,0.3597259273996393,-0.21694224348917632,0.3597259273996393,-0.793610414377992,0.8,0.8,0.8,0.8,8.5,10.0,7.0,10.0
Jayden Lee,Yukeembruk,2,2026,0,,2,3.0,3.0,3.0,3.0,0.375,0.5875,0.8,0.375,0,0.0,3.0,-1.4062294776218731,-0.6133713215334086,0.3597259273996393,-1.4062294776218731,,,,,8.666666666666666,9.0,7.0,10.0
Jayden Spargo,BNG,1,2022,2,0.75,0,,,,,,,,,1,0.0,1.0,-0.05,-0.05,-0.05,-0.05,,,,,,,,
Jaz Bull,Johns,6,2024,DNF,0.0,0,,,,,,,,,1,0.0,,,,,,0.6647727272727273,0.45454545454545453,0.875,0.45454545454545453,5.0,5.0,5.0,5.0
Jaz Bull,Johns,4,2025,6,0.375,1,6.0,6.0,6.0,6.0,0.0,0.0,0.0,0.0,0,1.0,,,,,,0.3392857142857143,0.42857142857142855,0.42857142857142855,0.25,5.666666666666667,7.0,5.0,7.0
Jean-Louis Boas (Louis),Wamburun,5,2026,0,,0,,,,,,,,,1,0.0,,,,,,0.42005090497737557,0.47058823529411764,0.7,0.125,7.75,11.0,4.0,11.0
Jeevika Dhanwani,Fenner,5,2026,0,,0,,,,,,,,,1,0.0,1.0,-1.090017876167441,-1.090017876167441,-1.090017876167441,-1.090017876167441,0.7036199095022625,0.7647058823529411,0.8461538461538461,0.5,4.5,3.0,3.0,9.0
Jeffrey Miao,Fenner,2,2026,0,,0,,,,,,,,,1,0.0,2.0,1.2107609297402635,0.3765831282408433,1.2107609297402635,-0.4575946732585769,0.3645833333333333,0.375,0.75,0.0,4.5,3.0,3.0,9.0
Jenitta Juntawongsa,Toad,7,2026,0,,0,,,,,,,,,1,0.0,,,,,,,,,,,,,
Jeremy Herzog,Griffin,2,2023,DNF,0.0,0,,,,,,,,,1,0.0,,,,,,,,,,3.0,3.0,3.0,3.0
Jeremy Herzog,Griffin,2,2024,2,0.875,1,2.0,2.0,2.0,2.0,0.0,0.0,0.0,0.0,0,1.0,,,,,,0.0,0.0,0.0,0.0,5.5,8.0,3.0,8.0
Jess Lowry,BNG,1,2023,1,1.0,0,,,,,,,,,1,0.0,1.0,0.5579087501542666,0.5579087501542666,0.5579087501542666,0.5579087501542666,0.75,0.75,0.75,0.75,1.0,1.0,1.0,1.0
Jess Stanford,BNG,7,2025,5,0.6363636363636364,0,,,,,,,,,1,0.0,1.0,0.21011264395842577,0.21011264395842577,0.21011264395842577,0.21011264395842577,0.8518518518518517,1.0,1.0,0.5555555555555556,1.3333333333333333,2.0,1.0,2.0
Jessica Hayhoe,Johns,7,2025,4,0.7272727272727273,0,,,,,,,,,1,0.0,1.0,-0.3469168796867857,-0.3469168796867857,-0.3469168796867857,-0.3469168796867857,0.4138888888888889,0.375,0.6666666666666666,0.2,5.666666666666667,7.0,5.0,7.0
Jessica Redden,Wright,7,2023,10,0.1,0,,,,,,,,,1,0.0,1.0,-0.7101606155053489,-0.7101606155053489,-0.7101606155053489,-0.7101606155053489,0.3333333333333333,0.3333333333333333,0.3333333333333333,0.3333333333333333,6.0,6.0,6.0,6.0
Jessie Dawson,Wright,6,2025,5,0.75,0,,,,,,,,,1,0.0,,,,,,0.16666666666666666,0.0,0.5,0.0,9.0,11.0,6.0,11.0
Jessie Mahar,Lodge,7,2023,4,0.7,0,,,,,,,,,1,0.0,1.0,0.17014264746482338,0.17014264746482338,0.17014264746482338,0.17014264746482338,,,,,10.0,10.0,10.0,10.0
Jethro Phillips,Div X6,5,2025,,,0,,,,,,,,,1,0.0,,,,,,,,,,,,,
Jin Kato,Griffin,1,2022,1,1.0,0,,,,,,,,,1,0.0,,,,,,,,,,,,,
Joe Entwistle,Ursula,3,2024,DNF,0.0,0,,,,,,,,,1,0.0,1.0,0.7188556591213825,0.7188556591213825,0.7188556591213825,0.7188556591213825,0.675,0.75,0.75,0.6,6.5,9.0,4.0,9.0
Joe Entwistle,Ursula,2,2025,DNF,0.0,1,3.0,3.0,3.0,3.0,0.0,0.0,0.0,0.0,0,1.0,3.0,0.80856577772328,0.5002451743408673,0.80856577772328,-0.02668591382206044,0.5,0.5,0.5,0.5,6.333333333333333,6.0,4.0,9.0
Joe Goodwin,Yukeembruk,4,2024,DNF,0.0,0,,,,,,,,,1,0.0,1.0,-0.793610414377992,-0.793610414377992,-0.793610414377992,-0.793610414377992,,,,,7.0,7.0,7.0,7.0
Joel Keith,Div X1,6,2025,,,0,,,,,,,,,1,0.0,2.0,-0.3883404898064284,-0.28798914926826236,-0.18763780873009633,-0.3883404898064284,,,,,,,,
John Weisenfeld,Wamburun,4,2025,7,0.25,0,,,,,,,,,1,0.0,,,,,,0.7773809523809524,0.8571428571428571,0.875,0.6,6.666666666666667,9.0,4.0,9.0
Joly Harrison-Murray,Fenner,2,2023,5,0.3333333333333333,0,,,,,,,,,1,0.0,1.0,-1.0961266032442645,-1.0961266032442645,-1.0961266032442645,-1.0961266032442645,0.0,0.0,0.0,0.0,9.0,9.0,9.0,9.0
Jonah Woodcock,Div X1,2,2025,,,0,,,,,,,,,1,0.0,,,,,,,,,,,,,
Jonathan Fearn,Div X1,5,2024,,,0,,,,,,,,,1,0.0,,,,,,,,,,,,,
Jonathan Gillard,Wamburun,4,2023,2,0.875,0,,,,,,,,,1,0.0,,,,,,0.6,0.6,0.6,0.6,7.0,7.0,7.0,7.0
Jonathan Gillard,Wamburun,4,2024,2,0.8571428571428571,1,4.0,4.0,4.0,4.0,0.875,0.875,0.875,0.875,0,0.0,,,,,,0.7375,0.875,0.875,0.6,5.5,4.0,4.0,7.0
Jonathan Toon,Ursula,5,2023,DNF,0.0,0,,,,,,,,,1,0.0,,,,,,0.5,0.5,0.5,0.5,4.0,4.0,4.0,4.0
Jonathon Shiel-Dick,Div X3,5,2025,,,0,,,,,,,,,1,0.0,2.0,-1.948071709010412,-1.2120696287557167,-0.4760675485010214,-1.948071709010412,,,,,,,,
Jonny Hill,Bruce,5,2022,1,1.0,0,,,,,,,,,1,0.0,1.0,-0.29,-0.29,-0.29,-0.29,,,,,,,,
Jonny Hill,Yukeembruk,5,2024,DNF,0.0,1,5.0,5.0,5.0,5.0,1.0,1.0,1.0,1.0,0,0.0,2.0,-2.077683260647754,-1.183841630323877,-0.29,-2.077683260647754,0.8,0.8,0.8,0.8,7.0,7.0,7.0,7.0
Jono Mildenhall,Fenner,1,2025,5,0.5555555555555556,0,,,,,,,,,1,0.0,2.0,-1.0865358125320916,-0.7260609724100814,-0.3655861322880712,-1.0865358125320916,0.125,0.0,0.25,0.0,5.0,3.0,3.0,9.0
Jordan Britz,Wright,7,2026,0,,0,,,,,,,,,1,0.0,1.0,0.26114451425770385,0.26114451425770385,0.26114451425770385,0.26114451425770385,0.31287878787878787,0.8181818181818182,0.8181818181818182,0.0,8.25,6.0,6.0,11.0
Jordan King,Ursula,5,2022,5,0.5,0,,,,,,,,,1,0.0,2.0,0.94,-0.13,0.94,-1.2,,,,,,,,
Jordan King,Ursula,5,2023,DNF,0.0,1,5.0,5.0,5.0,5.0,0.5,0.5,0.5,0.5,0,0.0,2.0,0.94,-0.13,0.94,-1.2,0.5,0.5,0.5,0.5,4.0,4.0,4.0,4.0
Joseph Rabinowitz,Ursula,6,2025,3,0.875,0,,,,,,,,,1,0.0,2.0,-0.7738915008397528,-0.6003119795703349,-0.426732458300917,-0.7738915008397528,0.49242424242424243,0.0,0.75,0.0,6.333333333333333,6.0,4.0,9.0
Joseph Rabinowitz,Ursula,3,2026,0,,1,6.0,6.0,6.0,6.0,0.875,0.875,0.875,0.875,0,0.0,3.0,0.13530207946848313,-0.3551072932240622,0.13530207946848313,-0.7738915008397528,0.3375,0.0,0.75,0.0,6.75,8.0,4.0,9.0
Joseph Roberts,Johns,3,2024,5,0.2,0,,,,,,,,,1,0.0,1.0,0.18473080182754117,0.18473080182754117,0.18473080182754117,0.18473080182754117,0.2,0.0,0.4,0.0,5.0,5.0,5.0,5.0
Joseph Roberts,Johns,2,2025,4,0.625,1,3.0,3.0,3.0,3.0,0.2,0.2,0.2,0.2,0,0.0,2.0,-0.3469168796867857,-0.08109303892962226,0.18473080182754117,-0.3469168796867857,0.5208333333333333,0.375,0.6666666666666666,0.375,5.666666666666667,7.0,5.0,7.0
Josh Banks,Div X2,6,2025,,,0,,,,,,,,,1,0.0,,,,,,,,,,,,,
Josh Gale,Johns,4,2024,5,0.42857142857142855,0,,,,,,,,,1,0.0,1.0,0.18473080182754117,0.18473080182754117,0.18473080182754117,0.18473080182754117,0.25,0.25,0.25,0.25,5.0,5.0,5.0,5.0
Josh Herridge,Wright,4,2024,DNF,0.0,0,,,,,,,,,1,0.0,1.0,-0.04342293884463381,-0.04342293884463381,-0.04342293884463381,-0.04342293884463381,0.0,0.0,0.0,0.0,8.0,10.0,6.0,10.0
Josh Herridge,Wright,1,2025,9,0.1111111111111111,1,4.0,4.0,4.0,4.0,0.0,0.0,0.0,0.0,0,1.0,2.0,1.094122466704478,0.525349763929922,1.094122466704478,-0.04342293884463381,0.6666666666666666,0.6666666666666666,0.6666666666666666,0.6666666666666666,9.0,11.0,6.0,11.0
Josh Lim,Toad,5,2026,0,,0,,,,,,,,,1,0.0,1.0,0.4510677973542158,0.4510677973542158,0.4510677973542158,0.4510677973542158,,,,,,,,
Josh Mercer,Burgmann,6,2022,8,0.125,0,,,,,,,,,1,0.0,,,,,,,,,,,,,
Josh Mitchell,Ursula,7,2022,6,0.4444444444444444,0,,,,,,,,,1,0.0,,,,,,,,,,,,,
Josh Riddle,Johns,4,2026,0,,0,,,,,,,,,1,0.0,1.0,0.5305665812865232,0.5305665812865232,0.5305665812865232,0.5305665812865232,0.3511904761904762,0.375,0.42857142857142855,0.25,5.25,4.0,4.0,7.0
Joshua Reynolds,Yukeembruk,5,2025,11,0.4117647058823529,0,,,,,,,,,1,0.0,1.0,0.3597259273996393,0.3597259273996393,0.3597259273996393,0.3597259273996393,0.4,0.0,0.8,0.0,8.5,10.0,7.0,10.0
Joshua Reynolds ,Yukeembruk,7,2026,0,,0,,,,,,,,,1,0.0,,,,,,0.3606060606060606,0.18181818181818182,0.9,0.0,8.666666666666666,9.0,7.0,10.0
Josie Lemm,Griffin,3,2025,3,0.75,0,,,,,,,,,1,0.0,1.0,0.4095970218800438,0.4095970218800438,0.4095970218800438,0.4095970218800438,1.0,1.0,1.0,1.0,5.333333333333333,5.0,3.0,8.0
Josie Lemm,Griffin,5,2026,0,,1,3.0,3.0,3.0,3.0,0.75,0.75,0.75,0.75,0,0.0,2.0,1.0048839834681713,0.7072405026741075,1.0048839834681713,0.4095970218800438,0.3995098039215686,0.8235294117647058,0.8235294117647058,0.0,4.25,1.0,1.0,8.0
Julia Burge,Johns,6,2025,4,0.8125,0,,,,,,,,,1,0.0,1.0,-0.3469168796867857,-0.3469168796867857,-0.3469168796867857,-0.3469168796867857,0.4431818181818182,0.0,0.875,0.0,5.666666666666667,7.0,5.0,7.0
Julia Murphy,Griffin,3,2026,0,,0,,,,,,,,,1,0.0,2.0,0.5305665812865232,0.49211355813077534,0.5305665812865232,0.45366053497502745,0.875,0.75,1.0,0.75,4.25,1.0,1.0,8.0
Julian Brischetto,Fenner,3,2025,1,1.0,0,,,,,,,,,1,0.0,,,,,,0.21666666666666667,0.4,0.4,0.0,5.0,3.0,3.0,9.0
Julian Brischetto,Fenner,1,2026,0,,1,3.0,3.0,3.0,3.0,1.0,1.0,1.0,1.0,0,0.0,1.0,1.4006842128367754,1.4006842128367754,1.4006842128367754,1.4006842128367754,0.26851851851851855,0.5555555555555556,0.5555555555555556,0.0,4.5,3.0,3.0,9.0
Julian Luca Berg,Burgmann,2,2026,0,,0,,,,,,,,,1,0.0,1.0,1.4956458543850313,1.4956458543850313,1.4956458543850313,1.4956458543850313,0.5,0.875,0.875,0.0,6.25,2.0,2.0,11.0
Juliet Quinlivan,Wright,5,2023,5,0.6,0,,,,,,,,,1,0.0,,,,,,0.625,0.625,0.625,0.625,6.0,6.0,6.0,6.0
Juliet Quinlivan,Wright,7,2024,DNF,0.0,1,5.0,5.0,5.0,5.0,0.6,0.6,0.6,0.6,0,0.0,1.0,0.15415763882111827,0.15415763882111827,0.15415763882111827,0.15415763882111827,0.21666666666666667,0.1,0.3333333333333333,0.1,8.0,10.0,6.0,10.0
Jun Matsuda,BNG,2,2026,0,,0,,,,,,,,,1,0.0,1.0,0.7677252823773472,0.7677252823773472,0.7677252823773472,0.7677252823773472,0.5208333333333334,0.5,0.8333333333333334,0.25,2.25,5.0,1.0,5.0
Justin Cementon,Bruce,1,2022,3,0.5,0,,,,,,,,,1,0.0,,,,,,,,,,,,,
Justin Cementon,Bruce,1,2023,3,0.3333333333333333,1,1.0,1.0,1.0,1.0,0.5,0.5,0.5,0.5,0,0.0,,,,,,0.5,0.5,0.5,0.5,2.0,2.0,2.0,2.0
Justin Cementon,Griffin,1,2024,1,1.0,2,1.0,1.0,1.0,1.0,0.3333333333333333,0.41666666666666663,0.5,0.3333333333333333,0,0.0,2.0,1.4811342570873987,0.802359366451047,1.4811342570873987,0.12358447581469537,0.5,0.0,1.0,0.0,5.5,8.0,3.0,8.0
Justin Cementon,Griffin,1,2025,1,1.0,3,1.0,1.0,1.0,1.0,1.0,0.611111111111111,1.0,0.3333333333333333,0,0.0,2.0,1.4811342570873987,0.802359366451047,1.4811342570873987,0.12358447581469537,0.6666666666666666,1.0,1.0,0.0,5.333333333333333,5.0,3.0,8.0
Jusuf Putrawan,Lodge,5,2023,8,0.3,0,,,,,,,,,1,0.0,1.0,1.453844566578471,1.453844566578471,1.453844566578471,1.453844566578471,,,,,10.0,10.0,10.0,10.0
Jusuf Putrawan,Griffin,5,2025,4,0.8235294117647058,1,5.0,5.0,5.0,5.0,0.3,0.3,0.3,0.3,0,0.0,1.0,1.453844566578471,1.453844566578471,1.453844566578471,1.453844566578471,0.1875,0.0,0.375,0.0,5.333333333333333,5.0,3.0,8.0
Jye Turner,Ursula,5,2025,1,1.0,0,,,,,,,,,1,0.0,,,,,,0.3974358974358974,0.6923076923076923,0.6923076923076923,0.0,6.333333333333333,6.0,4.0,9.0
Kai Mitchell,Griffin,4,2022,4,0.4,0,,,,,,,,,1,0.0,1.0,-0.39,-0.39,-0.39,-0.39,,,,,,,,
Kai Saalmann,Johns,7,2022,4,0.6666666666666666,0,,,,,,,,,1,0.0,1.0,-0.63,-0.63,-0.63,-0.63,,,,,,,,
Kai Saalmann,Johns,6,2023,7,0.45454545454545453,1,7.0,7.0,7.0,7.0,0.6666666666666666,0.6666666666666666,0.6666666666666666,0.6666666666666666,0,0.0,2.0,-0.4069452059948766,-0.5184726029974382,-0.4069452059948766,-0.63,0.875,0.875,0.875,0.875,5.0,5.0,5.0,5.0
Kai Saalmann,Div X2,2,2024,DNF,0.0,2,6.0,6.5,6.0,7.0,0.45454545454545453,0.5606060606060606,0.6666666666666666,0.45454545454545453,0,0.0,3.0,0.6158450377746235,-0.14036672274008435,0.6158450377746235,-0.63,,,,,,,,
Kai Saalmann,Div X5,5,2025,,,3,2.0,5.0,2.0,7.0,0.0,0.3737373737373737,0.6666666666666666,0.0,0,1.0,4.0,0.1334295691103022,-0.07191764977748771,0.6158450377746235,-0.63,0.0,0.0,0.0,0.0,,,,
Kai Thomas,Fenner,4,2024,3,0.7142857142857143,0,,,,,,,,,1,0.0,,,,,,1.0,1.0,1.0,1.0,6.0,3.0,3.0,9.0
Karl Hjärtsjö,Yukeembruk,6,2026,0,,0,,,,,,,,,1,0.0,,,,,,0.42992424242424243,0.5625,0.7272727272727273,0.0,8.666666666666666,9.0,7.0,10.0
Kasey Bond,Div X2,2,2025,,,0,,,,,,,,,1,0.0,1.0,0.08005774146618132,0.08005774146618132,0.08005774146618132,0.08005774146618132,0.0,0.0,0.0,0.0,,,,
Kate Morton,BNG,4,2023,5,0.5,0,,,,,,,,,1,0.0,,,,,,1.0,1.0,1.0,1.0,1.0,1.0,1.0,1.0
Katie Clark,Burgmann,7,2026,0,,0,,,,,,,,,1,0.0,1.0,-0.4035869765800878,-0.4035869765800878,-0.4035869765800878,-0.4035869765800878,0.7119949494949495,0.9090909090909091,0.9090909090909091,0.3,6.25,2.0,2.0,11.0
Katie MacDonald,Fenner,6,2023,9,0.2727272727272727,0,,,,,,,,,1,0.0,,,,,,,,,,9.0,9.0,9.0,9.0
Katie Philpot,Wamburun,6,2026,0,,0,,,,,,,,,1,0.0,1.0,-3.0,-3.0,-3.0,-3.0,0.49053030303030304,0.5625,0.9090909090909091,0.0,7.75,11.0,4.0,11.0
Kelso Wentworth,BNG,1,2025,2,0.8888888888888888,0,,,,,,,,,1,0.0,2.0,0.3597259273996393,-0.14050933597311902,0.3597259273996393,-0.6407445993458774,0.875,0.875,1.0,0.75,1.3333333333333333,2.0,1.0,2.0
Kelso Wentworth,BNG,1,2026,0,,1,1.0,1.0,1.0,1.0,0.8888888888888888,0.8888888888888888,0.8888888888888888,0.8888888888888888,0,0.0,3.0,0.09577562928667914,-0.06174768088651963,0.3597259273996393,-0.6407445993458774,0.8784722222222222,0.8888888888888888,1.0,0.75,2.25,5.0,1.0,5.0
Kelvin Meng,Griffin,3,2022,1,1.0,0,,,,,,,,,1,0.0,1.0,0.86,0.86,0.86,0.86,,,,,,,,
Kelvin Meng,Griffin,2,2023,DNF,0.0,1,3.0,3.0,3.0,3.0,1.0,1.0,1.0,1.0,0,0.0,2.0,-0.13127264709512143,0.3643636764524393,0.86,-0.13127264709512143,,,,,3.0,3.0,3.0,3.0
Kelvin Meng,Griffin,3,2026,0,,2,2.0,2.5,2.0,3.0,0.0,0.5,1.0,0.0,0,1.0,5.0,1.5977807361952312,0.8676953285271181,1.6522426261358407,-0.13127264709512143,0.875,0.75,1.0,0.75,4.25,1.0,1.0,8.0
Kelvin Peh,Bruce,2,2022,1,1.0,0,,,,,,,,,1,0.0,2.0,0.6,0.395,0.6,0.19,,,,,,,,
Kendra Fitzpatrick,Burgmann,5,2025,7,0.6470588235294118,0,,,,,,,,,1,0.0,,,,,,0.3397435897435897,0.7692307692307693,0.7692307692307693,0.0,7.666666666666667,4.0,4.0,11.0
Kendra Fitzpatrick,Burgmann,6,2026,0,,1,5.0,5.0,5.0,5.0,0.6470588235294118,0.6470588235294118,0.6470588235294118,0.6470588235294118,0,0.0,,,,,,0.38125,1.0,1.0,0.0,6.25,2.0,2.0,11.0
Kenny Arcangeli,Griffin,7,2024,4,0.625,0,,,,,,,,,1,0.0,1.0,-0.0640250631139856,-0.0640250631139856,-0.0640250631139856,-0.0640250631139856,0.25555555555555554,0.4,0.4,0.1111111111111111,5.5,8.0,3.0,8.0
Khai Bowie,Div X1,4,2022,,,0,,,,,,,,,1,0.0,,,,,,,,,,,,,
Kiara Carpenter,Ursula,7,2023,DNF,0.0,0,,,,,,,,,1,0.0,1.0,0.3254902821066185,0.3254902821066185,0.3254902821066185,0.3254902821066185,0.4444444444444444,0.4444444444444444,0.4444444444444444,0.4444444444444444,4.0,4.0,4.0,4.0
Kiara Carpenter,Ursula,7,2024,5,0.5,1,7.0,7.0,7.0,7.0,0.0,0.0,0.0,0.0,0,1.0,2.0,0.47163016788916096,0.39856022499788973,0.47163016788916096,0.3254902821066185,0.2222222222222222,0.0,0.4444444444444444,0.0,6.5,9.0,4.0,9.0
Kiara Carpenter,Wamburun,1,2025,6,0.4444444444444444,2,7.0,7.0,7.0,7.0,0.5,0.25,0.5,0.0,0,1.0,4.0,0.1868013967544231,0.2237019809565503,0.47163016788916096,-0.0891139229240013,0.25,0.25,0.25,0.25,6.666666666666667,9.0,4.0,9.0
Kiara Carpenter,Wamburun,2,2026,0,,3,1.0,5.0,1.0,7.0,0.4444444444444444,0.3148148148148148,0.5,0.0,0,1.0,4.0,0.1868013967544231,0.2237019809565503,0.47163016788916096,-0.0891139229240013,,,,,7.75,11.0,4.0,11.0
Kieran Wilson,Griffin,3,2022,1,1.0,0,,,,,,,,,1,0.0,,,,,,,,,,,,,
Kieran Wilson,Div X1,5,2024,,,1,3.0,3.0,3.0,3.0,1.0,1.0,1.0,1.0,0,0.0,,,,,,,,,,,,,
Kiki Barnes,Wright,5,2025,8,0.5882352941176471,0,,,,,,,,,1,0.0,,,,,,0.5878205128205128,0.5384615384615384,0.625,0.5384615384615384,9.0,11.0,6.0,11.0
Kirsty Frykberg,Fenner,3,2022,DNF,0.0,0,,,,,,,,,1,0.0,1.0,-1.25,-1.25,-1.25,-1.25,,,,,,,,
Kirsty Frykberg,Fenner,3,2023,4,0.25,1,3.0,3.0,3.0,3.0,0.0,0.0,0.0,0.0,0,1.0,2.0,-0.5447814854447542,-0.8973907427223771,-0.5447814854447542,-1.25,0.0,0.0,0.0,0.0,9.0,9.0,9.0,9.0
Kiyoshi Andres Takeuchi,Toad,7,2026,0,,0,,,,,,,,,1,0.0,,,,,,,,,,,,,
Krystof Zajicek,Wamburun,6,2023,2,0.9090909090909091,0,,,,,,,,,1,0.0,,,,,,,,,,7.0,7.0,7.0,7.0
Kyan McLean,Wamburun,6,2024,DNF,0.0,0,,,,,,,,,1,0.0,,,,,,0.9090909090909091,0.9090909090909091,0.9090909090909091,0.9090909090909091,5.5,4.0,4.0,7.0
Kyle Cavanagh,Wamburun,7,2022,8,0.2222222222222222,0,,,,,,,,,1,0.0,1.0,-1.0,-1.0,-1.0,-1.0,,,,,,,,
Kyle Cavanagh,Wamburun,4,2023,2,0.875,1,7.0,7.0,7.0,7.0,0.2222222222222222,0.2222222222222222,0.2222222222222222,0.2222222222222222,0,0.0,2.0,0.5844030065096103,-0.20779849674519485,0.5844030065096103,-1.0,0.6,0.6,0.6,0.6,7.0,7.0,7.0,7.0
Kyle Petrusa,Yukeembruk,6,2023,4,0.7272727272727273,0,,,,,,,,,1,0.0,1.0,0.9714175885038993,0.9714175885038993,0.9714175885038993,0.9714175885038993,,,,,,,,
Kyle Petrusa,Yukeembruk,7,2025,10,0.18181818181818182,1,6.0,6.0,6.0,6.0,0.7272727272727273,0.7272727272727273,0.7272727272727273,0.7272727272727273,0,0.0,1.0,0.9714175885038993,0.9714175885038993,0.9714175885038993,0.9714175885038993,0.45,0.0,0.9,0.0,8.5,10.0,7.0,10.0
Kylie Shi,Wright,5,2023,5,0.6,0,,,,,,,,,1,0.0,1.0,-0.7101606155053489,-0.7101606155053489,-0.7101606155053489,-0.7101606155053489,0.625,0.625,0.625,0.625,6.0,6.0,6.0,6.0
Kylie Shi,BNG,6,2024,3,0.6,1,5.0,5.0,5.0,5.0,0.6,0.6,0.6,0.6,0,0.0,2.0,-1.7108053045706793,-1.210482960038014,-0.7101606155053489,-1.7108053045706793,0.7215909090909092,0.8181818181818182,0.8181818181818182,0.625,1.0,1.0,1.0,1.0
Lachie Weber,Burgmann,4,2026,0,,0,,,,,,,,,1,0.0,1.0,0.35610615580595983,0.35610615580595983,0.35610615580595983,0.35610615580595983,0.35714285714285715,0.5,0.5714285714285714,0.0,6.25,2.0,2.0,11.0
Lachlan Carley,BNG,3,2025,7,0.25,0,,,,,,,,,1,0.0,,,,,,0.26666666666666666,0.0,0.8,0.0,1.3333333333333333,2.0,1.0,2.0
Lachlan Hunt,Burgmann,2,2025,2,0.875,0,,,,,,,,,1,0.0,,,,,,0.3125,0.625,0.625,0.0,7.666666666666667,4.0,4.0,11.0
Lachlan McDonald,Griffin,2,2024,2,0.875,0,,,,,,,,,1,0.0,,,,,,0.0,0.0,0.0,0.0,5.5,8.0,3.0,8.0
Lachlan McDonald,Griffin,2,2025,1,1.0,1,2.0,2.0,2.0,2.0,0.875,0.875,0.875,0.875,0,0.0,,,,,,0.4375,0.875,0.875,0.0,5.333333333333333,5.0,3.0,8.0
Lachlan O'Connor,Ursula,2,2025,DNF,0.0,0,,,,,,,,,1,0.0,1.0,0.45366053497502745,0.45366053497502745,0.45366053497502745,0.45366053497502745,0.5,0.5,0.5,0.5,6.333333333333333,6.0,4.0,9.0
Lachlan Obaydin,Fenner,1,2022,4,0.25,0,,,,,,,,,1,0.0,1.0,1.33,1.33,1.33,1.33,,,,,,,,
Lachlan Plew,Ursula,5,2024,5,0.6923076923076923,0,,,,,,,,,1,0.0,2.0,0.20380255238758768,-1.0319662130903182,0.20380255238758768,-2.267734978568224,0.25,0.0,0.5,0.0,6.5,9.0,4.0,9.0
Lachlan Prien,Griffin,2,2023,DNF,0.0,0,,,,,,,,,1,0.0,,,,,,,,,,3.0,3.0,3.0,3.0
Lara Thurgood,Bruce,7,2022,3,0.7777777777777778,0,,,,,,,,,1,0.0,1.0,-0.9,-0.9,-0.9,-0.9,,,,,,,,
Lasen Silva,Yukeembruk,5,2024,DNF,0.0,0,,,,,,,,,1,0.0,,,,,,0.8,0.8,0.8,0.8,7.0,7.0,7.0,7.0
Lasen Silva,Yukeembruk,3,2025,6,0.375,1,5.0,5.0,5.0,5.0,0.0,0.0,0.0,0.0,0,1.0,1.0,-0.6376959622084509,-0.6376959622084509,-0.6376959622084509,-0.6376959622084509,0.8,0.8,0.8,0.8,8.5,10.0,7.0,10.0
Lasen Silva ,Yukeembruk,2,2026,0,,0,,,,,,,,,1,0.0,,,,,,,,,,8.666666666666666,9.0,7.0,10.0
Laszlo Vodopivec,Wright,4,2024,DNF,0.0,0,,,,,,,,,1,0.0,1.0,1.15150026877777,1.15150026877777,1.15150026877777,1.15150026877777,0.0,0.0,0.0,0.0,8.0,10.0,6.0,10.0
Laszlo Vodopivec,Wright,2,2025,3,0.75,1,4.0,4.0,4.0,4.0,0.0,0.0,0.0,0.0,0,1.0,2.0,1.2542379496368405,1.2028691092073052,1.2542379496368405,1.15150026877777,0.0,0.0,0.0,0.0,9.0,11.0,6.0,11.0
Lauren Holloway,Bruce,4,2022,2,0.8,0,,,,,,,,,1,0.0,,,,,,,,,,,,,
Lauren Holmes,Bruce,7,2024,8,0.125,0,,,,,,,,,1,0.0,1.0,0.06243814980184954,0.06243814980184954,0.06243814980184954,0.06243814980184954,0.6888888888888889,0.6,0.7777777777777778,0.6,2.0,2.0,2.0,2.0
Lauren Moloney,Burgmann,7,2024,3,0.75,0,,,,,,,,,1,0.0,1.0,0.20380255238758768,0.20380255238758768,0.20380255238758768,0.20380255238758768,0.5944444444444444,0.3,0.8888888888888888,0.3,9.5,11.0,8.0,11.0
Lauren Murphy,Wright,7,2022,7,0.3333333333333333,0,,,,,,,,,1,0.0,,,,,,,,,,,,,
Lauren Murphy,Wright,7,2023,10,0.1,1,7.0,7.0,7.0,7.0,0.3333333333333333,0.3333333333333333,0.3333333333333333,0.3333333333333333,0,0.0,1.0,-0.269108926544999,-0.269108926544999,-0.269108926544999,-0.269108926544999,0.3333333333333333,0.3333333333333333,0.3333333333333333,0.3333333333333333,6.0,6.0,6.0,6.0
Laurence Gunn,Wamburun,4,2024,2,0.8571428571428571,0,,,,,,,,,1,0.0,,,,,,0.7375,0.875,0.875,0.6,5.5,4.0,4.0,7.0
Laurence Gunn,Wamburun,4,2025,7,0.25,1,4.0,4.0,4.0,4.0,0.8571428571428571,0.8571428571428571,0.8571428571428571,0.8571428571428571,0,0.0,1.0,0.1868013967544231,0.1868013967544231,0.1868013967544231,0.1868013967544231,0.7773809523809524,0.8571428571428571,0.875,0.6,6.666666666666667,9.0,4.0,9.0
Laurence Gunn,Wamburun,3,2026,0,,2,4.0,4.0,4.0,4.0,0.25,0.5535714285714286,0.8571428571428571,0.25,0,0.0,1.0,0.1868013967544231,0.1868013967544231,0.1868013967544231,0.1868013967544231,0.0,0.0,0.0,0.0,7.75,11.0,4.0,11.0
Leah Nichols,Lodge,7,2024,6,0.375,0,,,,,,,,,1,0.0,,,,,,0.7,0.7,0.7,0.7,8.0,6.0,6.0,10.0
Leann Tan,Wright,4,2026,0,,0,,,,,,,,,1,0.0,1.0,-1.4481650336109033,-1.4481650336109033,-1.4481650336109033,-1.4481650336109033,0.041666666666666664,0.125,0.125,0.0,8.25,6.0,6.0,11.0
Leo Burgess,Burgmann,4,2024,4,0.5714285714285714,0,,,,,,,,,1,0.0,2.0,1.851972493935731,1.0369488431405764,1.851972493935731,0.22192519234542177,0.0,0.0,0.0,0.0,9.5,11.0,8.0,11.0
Leo Burgess,Burgmann,2,2025,2,0.875,1,4.0,4.0,4.0,4.0,0.5714285714285714,0.5714285714285714,0.5714285714285714,0.5714285714285714,0,0.0,3.0,0.9873788114162363,1.020425499232463,1.851972493935731,0.22192519234542177,0.3125,0.625,0.625,0.0,7.666666666666667,4.0,4.0,11.0
Leo Fairley,Wamburun,5,2022,8,0.125,0,,,,,,,,,1,0.0,,,,,,,,,,,,,
Leo Fairley,Wamburun,4,2023,2,0.875,1,5.0,5.0,5.0,5.0,0.125,0.125,0.125,0.125,0,0.0,1.0,1.102228455315594,1.102228455315594,1.102228455315594,1.102228455315594,0.6,0.6,0.6,0.6,7.0,7.0,7.0,7.0
Leo Fairley,Wamburun,1,2024,7,0.25,2,4.0,4.5,4.0,5.0,0.875,0.5,0.875,0.125,0,0.0,2.0,-0.426732458300917,0.33774799850733855,1.102228455315594,-0.426732458300917,,,,,5.5,4.0,4.0,7.0
Leonor Rodrigues,Wright,1,2025,9,0.1111111111111111,0,,,,,,,,,1,0.0,1.0,-0.837180340130069,-0.837180340130069,-0.837180340130069,-0.837180340130069,0.6666666666666666,0.6666666666666666,0.6666666666666666,0.6666666666666666,9.0,11.0,6.0,11.0
Lexi Webster,Wamburun,6,2026,0,,0,,,,,,,,,1,0.0,,,,,,0.49053030303030304,0.5625,0.9090909090909091,0.0,7.75,11.0,4.0,11.0
Lia Ladbrook,Burgmann,2,2024,4,0.625,0,,,,,,,,,1,0.0,1.0,1.0278875231616593,1.0278875231616593,1.0278875231616593,1.0278875231616593,0.0,0.0,0.0,0.0,9.5,11.0,8.0,11.0
Lia Ladbrook,Burgmann,1,2025,7,0.3333333333333333,1,2.0,2.0,2.0,2.0,0.625,0.625,0.625,0.625,0,0.0,2.0,0.9873788114162363,1.0076331672889478,1.0278875231616593,0.9873788114162363,0.0625,0.125,0.125,0.0,7.666666666666667,4.0,4.0,11.0
Liah Naidoo,Wamburun,7,2022,8,0.2222222222222222,0,,,,,,,,,1,0.0,1.0,-1.0,-1.0,-1.0,-1.0,,,,,,,,
Liam Donnelly,Div X2,4,2023,DNF,0.0,0,,,,,,,,,1,0.0,1.0,0.17014264746482338,0.17014264746482338,0.17014264746482338,0.17014264746482338,,,,,,,,
Liam Foran ,Ursula,5,2026,0,,0,,,,,,,,,1,0.0,,,,,,0.5480769230769231,1.0,1.0,0.0,6.75,8.0,4.0,9.0
Liam McPherson,Wamburun,6,2023,2,0.9090909090909091,0,,,,,,,,,1,0.0,1.0,1.102228455315594,1.102228455315594,1.102228455315594,1.102228455315594,,,,,7.0,7.0,7.0,7.0
Liam McPherson,Wamburun,4,2024,2,0.8571428571428571,1,6.0,6.0,6.0,6.0,0.9090909090909091,0.9090909090909091,0.9090909090909091,0.9090909090909091,0,0.0,1.0,1.102228455315594,1.102228455315594,1.102228455315594,1.102228455315594,0.7375,0.875,0.875,0.6,5.5,4.0,4.0,7.0
Lilian Trinh Do,Ursula,7,2023,DNF,0.0,0,,,,,,,,,1,0.0,,,,,,0.4444444444444444,0.4444444444444444,0.4444444444444444,0.4444444444444444,4.0,4.0,4.0,4.0
Lilli Krawitz,Bruce,5,2024,1,1.0,0,,,,,,,,,1,0.0,1.0,1.4688036480973035,1.4688036480973035,1.4688036480973035,1.4688036480973035,0.7,0.4,1.0,0.4,2.0,2.0,2.0,2.0
Lily Adams,Yukeembruk,7,2023,2,0.9,0,,,,,,,,,1,0.0,1.0,0.9024994487789605,0.9024994487789605,0.9024994487789605,0.9024994487789605,,,,,,,,
Lily Adams,Yukeembruk,6,2024,DNF,0.0,1,7.0,7.0,7.0,7.0,0.9,0.9,0.9,0.9,0,0.0,2.0,-0.39615929529449406,0.25317007674223324,0.9024994487789605,-0.39615929529449406,0.7272727272727273,0.7272727272727273,0.7272727272727273,0.7272727272727273,7.0,7.0,7.0,7.0
Lily Adams,Yukeembruk,4,2025,4,0.625,2,6.0,6.5,6.0,7.0,0.0,0.45,0.9,0.0,0,1.0,2.0,-0.39615929529449406,0.25317007674223324,0.9024994487789605,-0.39615929529449406,0.0,0.0,0.0,0.0,8.5,10.0,7.0,10.0
Lily Axford,Burgmann,3,2025,4,0.625,0,,,,,,,,,1,0.0,,,,,,0.0,0.0,0.0,0.0,7.666666666666667,4.0,4.0,11.0
Lily Delves,Burgmann,7,2023,8,0.3,0,,,,,,,,,1,0.0,1.0,0.22192519234542177,0.22192519234542177,0.22192519234542177,0.22192519234542177,0.8888888888888888,0.8888888888888888,0.8888888888888888,0.8888888888888888,8.0,8.0,8.0,8.0
Lily Delves,Burgmann,7,2024,3,0.75,1,7.0,7.0,7.0,7.0,0.3,0.3,0.3,0.3,0,0.0,2.0,0.20380255238758768,0.21286387236650472,0.22192519234542177,0.20380255238758768,0.5944444444444444,0.3,0.8888888888888888,0.3,9.5,11.0,8.0,11.0
Lily Elias,Burgmann,4,2024,4,0.5714285714285714,0,,,,,,,,,1,0.0,1.0,0.45988926888534737,0.45988926888534737,0.45988926888534737,0.45988926888534737,0.0,0.0,0.0,0.0,9.5,11.0,8.0,11.0
Lily Elias,Burgmann,5,2025,7,0.6470588235294118,1,4.0,4.0,4.0,4.0,0.5714285714285714,0.5714285714285714,0.5714285714285714,0.5714285714285714,0,0.0,1.0,0.45988926888534737,0.45988926888534737,0.45988926888534737,0.45988926888534737,0.3397435897435897,0.7692307692307693,0.7692307692307693,0.0,7.666666666666667,4.0,4.0,11.0
Lily Elias,Burgmann,5,2026,0,,2,5.0,4.5,4.0,5.0,0.6470588235294118,0.6092436974789917,0.6470588235294118,0.5714285714285714,0,0.0,2.0,-1.090017876167441,-0.3150643036410469,0.45988926888534737,-1.090017876167441,0.41657239819004527,0.6470588235294118,0.7692307692307693,0.0,6.25,2.0,2.0,11.0
Lily Johnston,Bruce,4,2026,0,,0,,,,,,,,,1,0.0,1.0,0.45151368092291516,0.45151368092291516,0.45151368092291516,0.45151368092291516,0.54375,0.0,1.0,0.0,3.0,7.0,1.0,7.0
Lincoln Bland,Burgmann,4,2023,DNF,0.0,0,,,,,,,,,1,0.0,1.0,0.22192519234542177,0.22192519234542177,0.22192519234542177,0.22192519234542177,,,,,8.0,8.0,8.0,8.0
Lincoln Bland,Burgmann,2,2024,4,0.625,1,4.0,4.0,4.0,4.0,0.0,0.0,0.0,0.0,0,1.0,1.0,0.22192519234542177,0.22192519234542177,0.22192519234542177,0.22192519234542177,0.0,0.0,0.0,0.0,9.5,11.0,8.0,11.0
Lincoln Bland,Div X1,5,2025,,,2,2.0,3.0,2.0,4.0,0.625,0.3125,0.625,0.0,0,1.0,1.0,0.22192519234542177,0.22192519234542177,0.22192519234542177,0.22192519234542177,,,,,,,,
Linh (Lily) Nguyen,Wamburun,7,2026,0,,0,,,,,,,,,1,0.0,,,,,,0.31691919191919193,0.5454545454545454,0.5454545454545454,0.0,7.75,11.0,4.0,11.0
Lisa Cary,Yukeembruk,6,2023,4,0.7272727272727273,0,,,,,,,,,1,0.0,1.0,0.9024994487789605,0.9024994487789605,0.9024994487789605,0.9024994487789605,,,,,,,,
Lisa Cary,Yukeembruk,4,2024,DNF,0.0,1,6.0,6.0,6.0,6.0,0.7272727272727273,0.7272727272727273,0.7272727272727273,0.7272727272727273,0,0.0,2.0,-0.6713177623523002,0.11559084321333013,0.9024994487789605,-0.6713177623523002,,,,,7.0,7.0,7.0,7.0
Lisa Cary,Yukeembruk,3,2025,6,0.375,2,4.0,5.0,4.0,6.0,0.0,0.36363636363636365,0.7272727272727273,0.0,0,1.0,3.0,-0.837180340130069,-0.20199955123446958,0.9024994487789605,-0.837180340130069,0.8,0.8,0.8,0.8,8.5,10.0,7.0,10.0
Liye Fu,Toad,6,2026,0,,0,,,,,,,,,1,0.0,1.0,0.4510677973542158,0.4510677973542158,0.4510677973542158,0.4510677973542158,,,,,,,,
Liz Caddy,Griffin,5,2026,0,,0,,,,,,,,,1,0.0,1.0,0.07122123116119197,0.07122123116119197,0.07122123116119197,0.07122123116119197,0.3995098039215686,0.8235294117647058,0.8235294117647058,0.0,4.25,1.0,1.0,8.0
Lizzy Drennan,Ursula,3,2022,3,0.6,0,,,,,,,,,1,0.0,,,,,,,,,,,,,
Lizzy Drennan,Ursula,1,2023,DNF,0.0,1,3.0,3.0,3.0,3.0,0.6,0.6,0.6,0.6,0,0.0,1.0,-0.062354507370182645,-0.062354507370182645,-0.062354507370182645,-0.062354507370182645,,,,,4.0,4.0,4.0,4.0
Lizzy Drennan,Ursula,2,2024,5,0.5,2,1.0,2.0,1.0,3.0,0.0,0.3,0.6,0.0,0,1.0,3.0,1.048489647431011,0.18646756058663713,1.048489647431011,-0.426732458300917,,,,,6.5,9.0,4.0,9.0
Lizzy Mee,Ursula,5,2022,5,0.5,0,,,,,,,,,1,0.0,,,,,,,,,,,,,
Locklyn Krieukz,Div X1,2,2025,,,0,,,,,,,,,1,0.0,1.0,0.80856577772328,0.80856577772328,0.80856577772328,0.80856577772328,,,,,,,,
Loki D'Agnostino,Bruce,3,2026,0,,0,,,,,,,,,1,0.0,,,,,,0.51875,0.875,1.0,0.0,3.0,7.0,1.0,7.0
Lola Debell,Johns,6,2025,4,0.8125,0,,,,,,,,,1,0.0,1.0,-0.3469168796867857,-0.3469168796867857,-0.3469168796867857,-0.3469168796867857,0.4431818181818182,0.0,0.875,0.0,5.666666666666667,7.0,5.0,7.0
Lola Debell,Johns,2,2026,0,,1,6.0,6.0,6.0,6.0,0.8125,0.8125,0.8125,0.8125,0,0.0,1.0,-0.3469168796867857,-0.3469168796867857,-0.3469168796867857,-0.3469168796867857,0.5555555555555555,0.625,0.6666666666666666,0.375,5.25,4.0,4.0,7.0
Lola Hirzel,BNG,3,2026,0,,0,,,,,,,,,1,0.0,,,,,,0.2625,0.25,0.8,0.0,2.25,5.0,1.0,5.0
Lorenzo Ryan,Ursula,4,2023,3,0.75,0,,,,,,,,,1,0.0,1.0,0.7915331860320038,0.7915331860320038,0.7915331860320038,0.7915331860320038,0.0,0.0,0.0,0.0,4.0,4.0,4.0,4.0
Lottie Midgely,Burgmann,7,2022,2,0.8888888888888888,0,,,,,,,,,1,0.0,,,,,,,,,,,,,
Louis Bartlett,Burgmann,4,2025,5,0.5,0,,,,,,,,,1,0.0,,,,,,0.2857142857142857,0.5714285714285714,0.5714285714285714,0.0,7.666666666666667,4.0,4.0,11.0
Louis Bartos,Burgmann,1,2023,DNF,0.0,0,,,,,,,,,1,0.0,,,,,,,,,,8.0,8.0,8.0,8.0
Louis Bartos,Burgmann,1,2024,8,0.125,1,1.0,1.0,1.0,1.0,0.0,0.0,0.0,0.0,0,1.0,2.0,1.851972493935731,0.8859862469678654,1.851972493935731,-0.08,0.0,0.0,0.0,0.0,9.5,11.0,8.0,11.0
Louis Ross,Johns,3,2025,5,0.5,0,,,,,,,,,1,0.0,1.0,0.3597259273996393,0.3597259273996393,0.3597259273996393,0.3597259273996393,0.20000000000000004,0.2,0.4,0.0,5.666666666666667,7.0,5.0,7.0
Louis Ross,Johns,4,2026,0,,1,3.0,3.0,3.0,3.0,0.5,0.5,0.5,0.5,0,0.0,1.0,0.3597259273996393,0.3597259273996393,0.3597259273996393,0.3597259273996393,0.3511904761904762,0.375,0.42857142857142855,0.25,5.25,4.0,4.0,7.0
Louis Thiverge,Yukeembruk,5,2023,3,0.8,0,,,,,,,,,1,0.0,1.0,0.9714175885038993,0.9714175885038993,0.9714175885038993,0.9714175885038993,,,,,,,,
Lucas Clapham,Fenner,5,2025,5,0.7647058823529411,0,,,,,,,,,1,0.0,1.0,-1.236149095973305,-1.236149095973305,-1.236149095973305,-1.236149095973305,0.6730769230769231,0.8461538461538461,0.8461538461538461,0.5,5.0,3.0,3.0,9.0
Lucas Clapham,Fenner,3,2026,0,,1,5.0,5.0,5.0,5.0,0.7647058823529411,0.7647058823529411,0.7647058823529411,0.7647058823529411,0,0.0,2.0,0.29340788019569913,-0.4713706078888029,0.29340788019569913,-1.236149095973305,0.4125,1.0,1.0,0.0,4.5,3.0,3.0,9.0
Lucas Edmonds,BNG,6,2025,DNF,0.0,0,,,,,,,,,1,0.0,1.0,1.3571478170077296,1.3571478170077296,1.3571478170077296,1.3571478170077296,0.681060606060606,0.6,0.8181818181818182,0.6,1.3333333333333333,2.0,1.0,2.0
Lucas Hempton,Wright,6,2022,5,0.5,0,,,,,,,,,1,0.0,,,,,,,,,,,,,
Lucas murray,BNG,2,2026,0,,0,,,,,,,,,1,0.0,,,,,,0.5208333333333334,0.5,0.8333333333333334,0.25,2.25,5.0,1.0,5.0
Lucaya Rich,Griffin,6,2022,6,0.375,0,,,,,,,,,1,0.0,1.0,-0.68,-0.68,-0.68,-0.68,,,,,,,,
Lucaya Rich,Griffin,5,2023,DNF,0.0,1,6.0,6.0,6.0,6.0,0.375,0.375,0.375,0.375,0,0.0,3.0,0.9986633655543973,-0.6267178244296293,0.9986633655543973,-2.1988168388432854,0.375,0.375,0.375,0.375,3.0,3.0,3.0,3.0
Lucy Rockliff,Ursula,2,2025,DNF,0.0,0,,,,,,,,,1,0.0,1.0,-0.02668591382206044,-0.02668591382206044,-0.02668591382206044,-0.02668591382206044,0.5,0.5,0.5,0.5,6.333333333333333,6.0,4.0,9.0
Lucy Rockliff,Ursula,2,2026,0,,1,2.0,2.0,2.0,2.0,0.0,0.0,0.0,0.0,0,1.0,2.0,0.30862533503183187,0.14096971060488572,0.30862533503183187,-0.02668591382206044,0.25,0.0,0.5,0.0,6.75,8.0,4.0,9.0
Lucy Schuppan,Johns,7,2026,0,,0,,,,,,,,,1,0.0,1.0,-0.2204359721677529,-0.2204359721677529,-0.2204359721677529,-0.2204359721677529,0.4922348484848485,0.7272727272727273,0.7272727272727273,0.2,5.25,4.0,4.0,7.0
Lucy West,Johns,7,2023,9,0.2,0,,,,,,,,,1,0.0,1.0,-0.4069452059948766,-0.4069452059948766,-0.4069452059948766,-0.4069452059948766,0.6666666666666666,0.6666666666666666,0.6666666666666666,0.6666666666666666,5.0,5.0,5.0,5.0
Luisa David,Griffin,6,2025,7,0.625,0,,,,,,,,,1,0.0,1.0,-1.8413280537221703,-1.8413280537221703,-1.8413280537221703,-1.8413280537221703,0.5795454545454546,1.0,1.0,0.36363636363636365,5.333333333333333,5.0,3.0,8.0
Luke Marsh,Bruce,5,2022,1,1.0,0,,,,,,,,,1,0.0,1.0,0.86,0.86,0.86,0.86,,,,,,,,
Luke Marsh,Bruce,2,2024,1,1.0,1,5.0,5.0,5.0,5.0,1.0,1.0,1.0,1.0,0,0.0,3.0,1.2751130143938807,1.1095860651444591,1.2751130143938807,0.86,1.0,1.0,1.0,1.0,2.0,2.0,2.0,2.0
Luke Marsh,Bruce,6,2025,2,0.9375,2,2.0,3.5,2.0,5.0,1.0,1.0,1.0,1.0,0,0.0,4.0,0.9581790611644935,1.0717343141494677,1.2751130143938807,0.86,0.7333333333333334,0.2,1.0,0.2,1.6666666666666667,1.0,1.0,2.0
Luke Marsh,Bruce,4,2026,0,,3,6.0,4.333333333333333,2.0,6.0,0.9375,0.9791666666666666,1.0,0.9375,0,0.0,5.0,0.45151368092291516,0.9476901875041573,1.2751130143938807,0.45151368092291516,0.54375,0.0,1.0,0.0,3.0,7.0,1.0,7.0
Luke Sinden,Fenner,3,2025,1,1.0,0,,,,,,,,,1,0.0,,,,,,0.21666666666666667,0.4,0.4,0.0,5.0,3.0,3.0,9.0
Luke Sinden,Fenner,1,2026,0,,1,3.0,3.0,3.0,3.0,1.0,1.0,1.0,1.0,0,0.0,1.0,1.4006842128367754,1.4006842128367754,1.4006842128367754,1.4006842128367754,0.26851851851851855,0.5555555555555556,0.5555555555555556,0.0,4.5,3.0,3.0,9.0
Luke Sissons,Wright,5,2026,0,,0,,,,,,,,,1,0.0,1.0,-0.4575946732585769,-0.4575946732585769,-0.4575946732585769,-0.4575946732585769,0.5879242081447964,0.5882352941176471,0.625,0.5384615384615384,8.25,6.0,6.0,11.0
Lulu Liu,Lodge,6,2026,0,,0,,,,,,,,,1,0.0,,,,,,0.26515151515151514,0.0,0.5454545454545454,0.0,8.5,10.0,6.0,10.0
Lynn Tang,Yukeembruk,7,2023,2,0.9,0,,,,,,,,,1,0.0,1.0,0.9024994487789605,0.9024994487789605,0.9024994487789605,0.9024994487789605,,,,,,,,
Mac Finlayson,Burgmann,3,2025,4,0.625,0,,,,,,,,,1,0.0,1.0,-0.03924282844359679,-0.03924282844359679,-0.03924282844359679,-0.03924282844359679,0.0,0.0,0.0,0.0,7.666666666666667,4.0,4.0,11.0
Mackenzie Cooke,Div X2,2,2024,DNF,0.0,0,,,,,,,,,1,0.0,1.0,0.6158450377746235,0.6158450377746235,0.6158450377746235,0.6158450377746235,,,,,,,,
Mackenzie Cooke,Div X5,5,2025,,,1,2.0,2.0,2.0,2.0,0.0,0.0,0.0,0.0,0,1.0,2.0,0.1334295691103022,0.3746373034424629,0.6158450377746235,0.1334295691103022,0.0,0.0,0.0,0.0,,,,
Mackenzie Kane,Fenner,5,2023,6,0.5,0,,,,,,,,,1,0.0,1.0,-3.0,-3.0,-3.0,-3.0,,,,,9.0,9.0,9.0,9.0
Mackenzie Tulips,Div X3,5,2024,,,0,,,,,,,,,1,0.0,,,,,,,,,,,,,
Maddie Hayes,Wright,2,2026,0,,0,,,,,,,,,1,0.0,1.0,0.26114451425770385,0.26114451425770385,0.26114451425770385,0.26114451425770385,0.375,0.75,0.75,0.0,8.25,6.0,6.0,11.0
Maddie Perkins,Ursula,5,2026,0,,0,,,,,,,,,1,0.0,1.0,0.17482852965028714,0.17482852965028714,0.17482852965028714,0.17482852965028714,0.5480769230769231,1.0,1.0,0.0,6.75,8.0,4.0,9.0
Maddie Teychenne,Burgmann,1,2025,7,0.3333333333333333,0,,,,,,,,,1,0.0,1.0,-0.03924282844359679,-0.03924282844359679,-0.03924282844359679,-0.03924282844359679,0.0625,0.125,0.125,0.0,7.666666666666667,4.0,4.0,11.0
Maddie Teychenne,Griffin,4,2026,0,,1,1.0,1.0,1.0,1.0,0.3333333333333333,0.3333333333333333,0.3333333333333333,0.3333333333333333,0,0.0,2.0,0.6491459318319351,0.30495155169416915,0.6491459318319351,-0.03924282844359679,0.6333333333333333,0.875,0.875,0.4,4.25,1.0,1.0,8.0
Maddie Williams,Johns,4,2023,7,0.25,0,,,,,,,,,1,0.0,,,,,,,,,,5.0,5.0,5.0,5.0
Maddy Perrignon,Wright,5,2023,5,0.6,0,,,,,,,,,1,0.0,1.0,0.2737077372260201,0.2737077372260201,0.2737077372260201,0.2737077372260201,0.625,0.625,0.625,0.625,6.0,6.0,6.0,6.0
Maitrey Khobragade,Ursula,5,2022,5,0.5,0,,,,,,,,,1,0.0,1.0,0.94,0.94,0.94,0.94,,,,,,,,
Makayla De Jonge,Burgmann,6,2026,0,,0,,,,,,,,,1,0.0,1.0,-0.9714385256220289,-0.9714385256220289,-0.9714385256220289,-0.9714385256220289,0.38125,1.0,1.0,0.0,6.25,2.0,2.0,11.0
Maneesha Perera ,Yukeembruk,7,2026,0,,0,,,,,,,,,1,0.0,,,,,,0.3606060606060606,0.18181818181818182,0.9,0.0,8.666666666666666,9.0,7.0,10.0
Manny Anasson,Fenner,6,2026,0,,0,,,,,,,,,1,0.0,1.0,-1.090017876167441,-1.090017876167441,-1.090017876167441,-1.090017876167441,0.5867424242424243,0.6875,0.8,0.2727272727272727,4.5,3.0,3.0,9.0
Marco Cole,BNG,4,2025,1,1.0,0,,,,,,,,,1,0.0,,,,,,0.5476190476190476,0.14285714285714285,1.0,0.14285714285714285,1.3333333333333333,2.0,1.0,2.0
Marco Cole,BNG,3,2026,0,,1,4.0,4.0,4.0,4.0,1.0,1.0,1.0,1.0,0,0.0,,,,,,0.2625,0.25,0.8,0.0,2.25,5.0,1.0,5.0
Marcus Warner,Div X2,6,2025,,,0,,,,,,,,,1,0.0,,,,,,,,,,,,,
Mariead O'Connell-Lacy,Bruce,5,2023,7,0.4,0,,,,,,,,,1,0.0,1.0,-0.062354507370182645,-0.062354507370182645,-0.062354507370182645,-0.062354507370182645,1.0,1.0,1.0,1.0,2.0,2.0,2.0,2.0
Marieke Bosman,Div X2,4,2023,DNF,0.0,0,,,,,,,,,1,0.0,2.0,0.17014264746482338,-0.5199286762675883,0.17014264746482338,-1.21,,,,,,,,
Marissa Ellis,Griffin,7,2024,4,0.625,0,,,,,,,,,1,0.0,,,,,,0.25555555555555554,0.4,0.4,0.1111111111111111,5.5,8.0,3.0,8.0
Mark Glanville,Div X1,5,2024,,,0,,,,,,,,,1,0.0,,,,,,,,,,,,,
Martin Duong,Wright,6,2022,5,0.5,0,,,,,,,,,1,0.0,1.0,0.57,0.57,0.57,0.57,,,,,,,,
Martin Duong,Wright,1,2023,2,0.6666666666666666,1,6.0,6.0,6.0,6.0,0.5,0.5,0.5,0.5,0,0.0,2.0,-0.8893721840694482,-0.15968609203472411,0.57,-0.8893721840694482,,,,,6.0,6.0,6.0,6.0
Martin Duong,Wright,5,2024,7,0.5384615384615384,2,1.0,3.5,1.0,6.0,0.6666666666666666,0.5833333333333333,0.6666666666666666,0.5,0,0.0,4.0,0.12358447581469537,-0.06495319284218462,0.57,-0.8893721840694482,0.6125,0.6,0.625,0.6,8.0,10.0,6.0,10.0
Mathieson Meakins,Fenner,6,2025,6,0.6875,0,,,,,,,,,1,0.0,,,,,,0.5363636363636364,0.8,0.8,0.2727272727272727,5.0,3.0,3.0,9.0
Matilde Cullen,Ursula,3,2023,2,0.75,0,,,,,,,,,1,0.0,1.0,0.7915331860320038,0.7915331860320038,0.7915331860320038,0.7915331860320038,0.6,0.6,0.6,0.6,4.0,4.0,4.0,4.0
Matilde Cullen,Ursula,2,2024,5,0.5,1,3.0,3.0,3.0,3.0,0.75,0.75,0.75,0.75,0,0.0,2.0,-0.3112505543462071,0.24014131584289838,0.7915331860320038,-0.3112505543462071,,,,,6.5,9.0,4.0,9.0
Matilde Cullen,Griffin,5,2026,0,,2,2.0,2.5,2.0,3.0,0.5,0.625,0.75,0.5,0,0.0,2.0,-0.3112505543462071,0.24014131584289838,0.7915331860320038,-0.3112505543462071,0.3995098039215686,0.8235294117647058,0.8235294117647058,0.0,4.25,1.0,1.0,8.0
Matilde Fjeldso Larson,Yukeembruk,7,2023,2,0.9,0,,,,,,,,,1,0.0,,,,,,,,,,,,,
Matt Kernohan,Div X2,6,2025,,,0,,,,,,,,,1,0.0,,,,,,,,,,,,,
Matt Kernohan,Johns,5,2026,0,,1,6.0,6.0,6.0,6.0,,,,,0,0.0,1.0,0.8072517325591512,0.8072517325591512,0.8072517325591512,0.8072517325591512,0.685237556561086,0.5294117647058824,1.0,0.46153846153846156,5.25,4.0,4.0,7.0
Matthew Allen,Griffin,6,2024,1,1.0,0,,,,,,,,,1,0.0,2.0,0.47163016788916096,0.11416834381339071,0.47163016788916096,-0.24329348026237954,0.3693181818181818,0.36363636363636365,0.375,0.36363636363636365,5.5,8.0,3.0,8.0
Matthew Berglin (Matt),Wamburun,3,2026,0,,0,,,,,,,,,1,0.0,,,,,,0.0,0.0,0.0,0.0,7.75,11.0,4.0,11.0
Matthew Foster,Div X1,6,2023,,,0,,,,,,,,,1,0.0,1.0,0.14439991180463374,0.14439991180463374,0.14439991180463374,0.14439991180463374,,,,,,,,
Matthew Maher,Div X2,2,2025,,,0,,,,,,,,,1,0.0,,,,,,0.0,0.0,0.0,0.0,,,,
Matthew Maliszewski,Bruce,2,2024,1,1.0,0,,,,,,,,,1,0.0,1.0,2.0191205822129157,2.0191205822129157,2.0191205822129157,2.0191205822129157,1.0,1.0,1.0,1.0,2.0,2.0,2.0,2.0
Matthew Scolyer,Bruce,4,2024,1,1.0,0,,,,,,,,,1,0.0,1.0,1.1936451810394972,1.1936451810394972,1.1936451810394972,1.1936451810394972,0.5875,0.375,0.8,0.375,2.0,2.0,2.0,2.0
Matthew Scolyer,Bruce,1,2025,7,0.3333333333333333,1,4.0,4.0,4.0,4.0,1.0,1.0,1.0,1.0,0,0.0,1.0,1.1936451810394972,1.1936451810394972,1.1936451810394972,1.1936451810394972,0.4861111111111111,0.625,0.625,0.3333333333333333,1.6666666666666667,1.0,1.0,2.0
Matthew Scolyer,Yukeembruk,2,2026,0,,2,1.0,2.5,1.0,4.0,0.3333333333333333,0.6666666666666666,1.0,0.3333333333333333,0,0.0,2.0,0.6491459318319351,0.9213955564357161,1.1936451810394972,0.6491459318319351,,,,,8.666666666666666,9.0,7.0,10.0
Max Beckmann,Wright,1,2025,9,0.1111111111111111,0,,,,,,,,,1,0.0,2.0,1.094122466704478,0.3778265356892271,1.094122466704478,-0.3384693953260239,0.6666666666666666,0.6666666666666666,0.6666666666666666,0.6666666666666666,9.0,11.0,6.0,11.0
Max Beckmann,Wright,4,2026,0,,1,1.0,1.0,1.0,1.0,0.1111111111111111,0.1111111111111111,0.1111111111111111,0.1111111111111111,0,0.0,3.0,0.26114451425770385,0.33893252854538597,1.094122466704478,-0.3384693953260239,0.041666666666666664,0.125,0.125,0.0,8.25,6.0,6.0,11.0
Max Dewhurst,Burgmann,7,2025,2,0.9090909090909091,0,,,,,,,,,1,0.0,,,,,,0.6462962962962963,0.75,0.8888888888888888,0.3,7.666666666666667,4.0,4.0,11.0
Max Dewhurst,Burgmann,3,2026,0,,1,7.0,7.0,7.0,7.0,0.9090909090909091,0.9090909090909091,0.9090909090909091,0.9090909090909091,0,0.0,1.0,0.35610615580595983,0.35610615580595983,0.35610615580595983,0.35610615580595983,0.3125,0.625,0.625,0.0,6.25,2.0,2.0,11.0
Max Hoare,Div X1,6,2023,,,0,,,,,,,,,1,0.0,1.0,0.14439991180463374,0.14439991180463374,0.14439991180463374,0.14439991180463374,,,,,,,,
Max Mackay,Wright,2,2023,DNF,0.0,0,,,,,,,,,1,0.0,,,,,,,,,,6.0,6.0,6.0,6.0
Max Mackay,Wright,3,2024,1,1.0,1,2.0,2.0,2.0,2.0,0.0,0.0,0.0,0.0,0,1.0,1.0,-0.16703568446074454,-0.16703568446074454,-0.16703568446074454,-0.16703568446074454,0.75,0.75,0.75,0.75,8.0,10.0,6.0,10.0
Max Montague-Jones,Div X5,5,2024,DNF,0.0,0,,,,,,,,,1,0.0,,,,,,,,,,,,,
Max Taylor,BNG,1,2022,2,0.75,0,,,,,,,,,1,0.0,,,,,,,,,,,,,
Max Thomas,Bruce,3,2024,DNF,0.0,0,,,,,,,,,1,0.0,1.0,1.2751130143938807,1.2751130143938807,1.2751130143938807,1.2751130143938807,0.6,1.0,1.0,0.2,2.0,2.0,2.0,2.0
Maxine Wu,BNG,6,2023,3,0.8181818181818182,0,,,,,,,,,1,0.0,1.0,0.6957450296041441,0.6957450296041441,0.6957450296041441,0.6957450296041441,0.625,0.625,0.625,0.625,1.0,1.0,1.0,1.0
Maxine Wu,BNG,3,2024,DQ,0.0,1,6.0,6.0,6.0,6.0,0.8181818181818182,0.8181818181818182,0.8181818181818182,0.8181818181818182,0,0.0,2.0,-0.090427665230265,0.30265868218693953,0.6957450296041441,-0.090427665230265,0.4,0.0,0.8,0.0,1.0,1.0,1.0,1.0
Maxine Wu,BNG,7,2025,5,0.6363636363636364,2,3.0,4.5,3.0,6.0,0.0,0.4090909090909091,0.8181818181818182,0.0,0,1.0,3.0,1.1576634390861116,0.5876602678199969,1.1576634390861116,-0.090427665230265,0.8518518518518517,1.0,1.0,0.5555555555555556,1.3333333333333333,2.0,1.0,2.0
May Thu,Wright,7,2024,DNF,0.0,0,,,,,,,,,1,0.0,,,,,,0.21666666666666667,0.1,0.3333333333333333,0.1,8.0,10.0,6.0,10.0
May Thu,Wright,4,2025,8,0.125,1,7.0,7.0,7.0,7.0,0.0,0.0,0.0,0.0,0,1.0,,,,,,0.0,0.0,0.0,0.0,9.0,11.0,6.0,11.0
Maya,Lodge,7,2026,0,,0,,,,,,,,,1,0.0,,,,,,0.4492424242424242,0.2727272727272727,0.7,0.2727272727272727,8.5,10.0,6.0,10.0
Maya Kelly,BNG,7,2026,0,,0,,,,,,,,,1,0.0,1.0,-0.9714385256220289,-0.9714385256220289,-0.9714385256220289,-0.9714385256220289,0.797979797979798,0.6363636363636364,1.0,0.5555555555555556,2.25,5.0,1.0,5.0
Maya Moloney,Bruce,7,2025,11,0.09090909090909091,0,,,,,,,,,1,0.0,1.0,-1.136406907012496,-1.136406907012496,-1.136406907012496,-1.136406907012496,0.5009259259259259,0.125,0.7777777777777778,0.125,1.6666666666666667,1.0,1.0,2.0
Meg Rankin,Fenner,6,2023,9,0.2727272727272727,0,,,,,,,,,1,0.0,1.0,-0.33802706626993784,-0.33802706626993784,-0.33802706626993784,-0.33802706626993784,,,,,9.0,9.0,9.0,9.0
Mei Gethen,Fenner,4,2024,3,0.7142857142857143,0,,,,,,,,,1,0.0,1.0,0.7656208989495764,0.7656208989495764,0.7656208989495764,0.7656208989495764,1.0,1.0,1.0,1.0,6.0,3.0,3.0,9.0
Mei Gethen,Fenner,1,2025,5,0.5555555555555556,1,4.0,4.0,4.0,4.0,0.7142857142857143,0.7142857142857143,0.7142857142857143,0.7142857142857143,0,0.0,2.0,0.80856577772328,0.7870933383364282,0.80856577772328,0.7656208989495764,0.125,0.0,0.25,0.0,5.0,3.0,3.0,9.0
Mei Wyithe,Wamburun,6,2024,DNF,0.0,0,,,,,,,,,1,0.0,1.0,-0.059854502223842095,-0.059854502223842095,-0.059854502223842095,-0.059854502223842095,0.9090909090909091,0.9090909090909091,0.9090909090909091,0.9090909090909091,5.5,4.0,4.0,7.0
Mei Wyithe,Wamburun,7,2025,6,0.5454545454545454,1,6.0,6.0,6.0,6.0,0.0,0.0,0.0,0.0,0,1.0,1.0,-0.059854502223842095,-0.059854502223842095,-0.059854502223842095,-0.059854502223842095,0.24074074074074073,0.0,0.5,0.0,6.666666666666667,9.0,4.0,9.0
Mekala Navaratne,Griffin,6,2022,6,0.375,0,,,,,,,,,1,0.0,1.0,-0.87,-0.87,-0.87,-0.87,,,,,,,,
Mekala Navaratne,Griffin,6,2023,8,0.36363636363636365,1,6.0,6.0,6.0,6.0,0.375,0.375,0.375,0.375,0,0.0,1.0,-0.87,-0.87,-0.87,-0.87,0.375,0.375,0.375,0.375,3.0,3.0,3.0,3.0
Mesake Taulawakeiaho,Fenner,3,2023,4,0.25,0,,,,,,,,,1,0.0,1.0,-0.13127264709512143,-0.13127264709512143,-0.13127264709512143,-0.13127264709512143,0.0,0.0,0.0,0.0,9.0,9.0,9.0,9.0
Mesake Taulawakeiaho,Fenner,2,2024,3,0.75,1,3.0,3.0,3.0,3.0,0.25,0.25,0.25,0.25,0,0.0,2.0,0.15415763882111827,0.01144249586299842,0.15415763882111827,-0.13127264709512143,0.16666666666666666,0.3333333333333333,0.3333333333333333,0.0,6.0,3.0,3.0,9.0
Mesake Taulawakeiaho,Fenner,6,2025,6,0.6875,2,2.0,2.5,2.0,3.0,0.75,0.5,0.75,0.25,0,0.0,3.0,-1.0865358125320916,-0.3545502736020316,0.15415763882111827,-1.0865358125320916,0.5363636363636364,0.8,0.8,0.2727272727272727,5.0,3.0,3.0,9.0
Mesake Taulawakeiaho,Fenner,2,2026,0,,3,6.0,3.6666666666666665,2.0,6.0,0.6875,0.5625,0.75,0.25,0,0.0,4.0,-0.2599624223495569,-0.33090331078891294,0.15415763882111827,-1.0865358125320916,0.3645833333333333,0.375,0.75,0.0,4.5,3.0,3.0,9.0
Mia Armstrong,Yukeembruk,5,2024,DNF,0.0,0,,,,,,,,,1,0.0,,,,,,0.8,0.8,0.8,0.8,7.0,7.0,7.0,7.0
Mia Armstrong,Yukeembruk,4,2025,4,0.625,1,5.0,5.0,5.0,5.0,0.0,0.0,0.0,0.0,0,1.0,,,,,,0.0,0.0,0.0,0.0,8.5,10.0,7.0,10.0
Mia Booth,Burgmann,5,2023,DNF,0.0,0,,,,,,,,,1,0.0,1.0,-0.14055262181876685,-0.14055262181876685,-0.14055262181876685,-0.14055262181876685,0.25,0.25,0.25,0.25,8.0,8.0,8.0,8.0
Mia Booth,Burgmann,4,2025,5,0.5,1,5.0,5.0,5.0,5.0,0.0,0.0,0.0,0.0,0,1.0,2.0,-1.094122466704478,-0.6173375442616225,-0.14055262181876685,-1.094122466704478,0.2857142857142857,0.5714285714285714,0.5714285714285714,0.0,7.666666666666667,4.0,4.0,11.0
Mia Booth,Toad,7,2026,0,,2,4.0,4.5,4.0,5.0,0.5,0.25,0.5,0.0,0,1.0,2.0,-1.094122466704478,-0.6173375442616225,-0.14055262181876685,-1.094122466704478,,,,,,,,
Mia Brischetto,Fenner,7,2024,2,0.875,0,,,,,,,,,1,0.0,1.0,-0.27386664326880245,-0.27386664326880245,-0.27386664326880245,-0.27386664326880245,0.9,0.8,1.0,0.8,6.0,3.0,3.0,9.0
Mia Brischetto,Fenner,7,2025,8,0.36363636363636365,1,7.0,7.0,7.0,7.0,0.875,0.875,0.875,0.875,0,0.0,1.0,-0.27386664326880245,-0.27386664326880245,-0.27386664326880245,-0.27386664326880245,0.8916666666666666,0.875,1.0,0.8,5.0,3.0,3.0,9.0
Mia Oberin,Fenner,4,2023,1,1.0,0,,,,,,,,,1,0.0,1.0,-0.33802706626993784,-0.33802706626993784,-0.33802706626993784,-0.33802706626993784,,,,,9.0,9.0,9.0,9.0
Michael Elliott,Fenner,5,2026,0,,0,,,,,,,,,1,0.0,1.0,-0.4180682230767729,-0.4180682230767729,-0.4180682230767729,-0.4180682230767729,0.7036199095022625,0.7647058823529411,0.8461538461538461,0.5,4.5,3.0,3.0,9.0
Michael McCann,Yukeembruk,7,2026,0,,0,,,,,,,,,1,0.0,,,,,,0.3606060606060606,0.18181818181818182,0.9,0.0,8.666666666666666,9.0,7.0,10.0
Michaelie Trenbath,Griffin,6,2022,6,0.375,0,,,,,,,,,1,0.0,1.0,-0.68,-0.68,-0.68,-0.68,,,,,,,,
Michelle Lin,Lodge,7,2026,0,,0,,,,,,,,,1,0.0,,,,,,0.4492424242424242,0.2727272727272727,0.7,0.2727272727272727,8.5,10.0,6.0,10.0
Mikayla Hopkins,Wright,6,2024,DNF,0.0,0,,,,,,,,,1,0.0,,,,,,0.25,0.0,0.5,0.0,8.0,10.0,6.0,10.0
Miles Johns,Div X1,5,2023,,,0,,,,,,,,,1,0.0,,,,,,,,,,,,,
Millie Mcinnes,Johns,7,2024,6,0.375,0,,,,,,,,,1,0.0,,,,,,0.43333333333333335,0.2,0.6666666666666666,0.2,5.0,5.0,5.0,5.0
Milly Dynan,Burgmann,6,2025,1,1.0,0,,,,,,,,,1,0.0,1.0,-1.094122466704478,-1.094122466704478,-1.094122466704478,-1.094122466704478,0.17500000000000002,0.4,0.4,0.0,7.666666666666667,4.0,4.0,11.0
Milly Hobbs,BNG,6,2023,3,0.8181818181818182,0,,,,,,,,,1,0.0,,,,,,0.625,0.625,0.625,0.625,1.0,1.0,1.0,1.0
Milly Hobbs,BNG,3,2024,DQ,0.0,1,6.0,6.0,6.0,6.0,0.8181818181818182,0.8181818181818182,0.8181818181818182,0.8181818181818182,0,0.0,,,,,,0.4,0.0,0.8,0.0,1.0,1.0,1.0,1.0
Milly Hobbs,BNG,1,2025,2,0.8888888888888888,2,3.0,4.5,3.0,6.0,0.0,0.4090909090909091,0.8181818181818182,0.0,0,1.0,,,,,,0.875,0.875,1.0,0.75,1.3333333333333333,2.0,1.0,2.0
Milly/Amelia? Larcombe,Johns,4,2026,0,,0,,,,,,,,,1,0.0,,,,,,0.3511904761904762,0.375,0.42857142857142855,0.25,5.25,4.0,4.0,7.0
Mirah Larkin,Fenner,2,2022,DNF,0.0,0,,,,,,,,,1,0.0,,,,,,,,,,,,,
Mirah Larkin,Fenner,4,2023,1,1.0,1,2.0,2.0,2.0,2.0,0.0,0.0,0.0,0.0,0,1.0,1.0,-0.33802706626993784,-0.33802706626993784,-0.33802706626993784,-0.33802706626993784,,,,,9.0,9.0,9.0,9.0
Mirah Larkin,Fenner,4,2024,3,0.7142857142857143,2,4.0,3.0,2.0,4.0,1.0,0.5,1.0,0.0,0,1.0,1.0,-0.33802706626993784,-0.33802706626993784,-0.33802706626993784,-0.33802706626993784,1.0,1.0,1.0,1.0,6.0,3.0,3.0,9.0
Mitchell Anderson,Bruce,3,2022,5,0.2,0,,,,,,,,,1,0.0,1.0,0.6,0.6,0.6,0.6,,,,,,,,
Mitchell Anderson,BNG,6,2023,3,0.8181818181818182,1,3.0,3.0,3.0,3.0,0.2,0.2,0.2,0.2,0,0.0,2.0,0.5579087501542666,0.5789543750771333,0.6,0.5579087501542666,0.625,0.625,0.625,0.625,1.0,1.0,1.0,1.0
Mohak Garg,Ursula,3,2022,3,0.6,0,,,,,,,,,1,0.0,,,,,,,,,,,,,
Mohak Garg,Ursula,1,2023,DNF,0.0,1,3.0,3.0,3.0,3.0,0.6,0.6,0.6,0.6,0,0.0,1.0,-1.1650447429692035,-1.1650447429692035,-1.1650447429692035,-1.1650447429692035,,,,,4.0,4.0,4.0,4.0
Molly Conquest,Johns,5,2025,9,0.5294117647058824,0,,,,,,,,,1,0.0,,,,,,0.7371794871794872,0.46153846153846156,1.0,0.46153846153846156,5.666666666666667,7.0,5.0,7.0
Molly Hyland,Fenner,7,2026,0,,0,,,,,,,,,1,0.0,1.0,-0.2599624223495569,-0.2599624223495569,-0.2599624223495569,-0.2599624223495569,0.7596590909090909,0.36363636363636365,1.0,0.36363636363636365,4.5,3.0,3.0,9.0
Molly Lilley,Bruce,4,2023,6,0.375,0,,,,,,,,,1,0.0,1.0,2.211944103552798,2.211944103552798,2.211944103552798,2.211944103552798,0.8,0.8,0.8,0.8,2.0,2.0,2.0,2.0
Molly Lilley,Bruce,7,2024,8,0.125,1,4.0,4.0,4.0,4.0,0.375,0.375,0.375,0.375,0,0.0,1.0,2.211944103552798,2.211944103552798,2.211944103552798,2.211944103552798,0.6888888888888889,0.6,0.7777777777777778,0.6,2.0,2.0,2.0,2.0
Molly Lilley,Bruce,7,2025,11,0.09090909090909091,2,7.0,5.5,4.0,7.0,0.125,0.25,0.375,0.125,0,0.0,2.0,-0.5878248677280464,0.8120596179123757,2.211944103552798,-0.5878248677280464,0.5009259259259259,0.125,0.7777777777777778,0.125,1.6666666666666667,1.0,1.0,2.0
Molly Newton,Fenner,7,2023,3,0.8,0,,,,,,,,,1,0.0,1.0,-1.0961266032442645,-1.0961266032442645,-1.0961266032442645,-1.0961266032442645,1.0,1.0,1.0,1.0,9.0,9.0,9.0,9.0
Molly Sharrock,BNG,3,2022,2,0.8,0,,,,,,,,,1,0.0,1.0,1.33,1.33,1.33,1.33,,,,,,,,
Monty Wraith,Burgmann,4,2026,0,,0,,,,,,,,,1,0.0,,,,,,0.35714285714285715,0.5,0.5714285714285714,0.0,6.25,2.0,2.0,11.0
Moss Thompson,Lodge,4,2022,DNF,0.0,0,,,,,,,,,1,0.0,,,,,,,,,,,,,
Moss Thompson,Lodge,2,2023,4,0.5,1,4.0,4.0,4.0,4.0,0.0,0.0,0.0,0.0,0,1.0,,,,,,,,,,10.0,10.0,10.0,10.0
Moss Thompson,Lodge,5,2024,2,0.9230769230769231,2,2.0,3.0,2.0,4.0,0.5,0.25,0.5,0.0,0,1.0,,,,,,0.3,0.3,0.3,0.3,8.0,6.0,6.0,10.0
Moss Thompson,Toad,6,2026,0,,3,5.0,3.6666666666666665,2.0,5.0,0.9230769230769231,0.4743589743589744,0.9230769230769231,0.0,0,1.0,,,,,,,,,,,,,
Mya Dellow,Lodge,7,2023,4,0.7,0,,,,,,,,,1,0.0,1.0,0.4290553718678152,0.4290553718678152,0.4290553718678152,0.4290553718678152,,,,,10.0,10.0,10.0,10.0
Natalie Miller,Griffin,6,2026,0,,0,,,,,,,,,1,0.0,3.0,0.17482852965028714,0.765938167893006,1.7133889521486867,0.17482852965028714,0.5909090909090909,0.625,1.0,0.36363636363636365,4.25,1.0,1.0,8.0
Nate Runge,Yukeembruk,5,2025,11,0.4117647058823529,0,,,,,,,,,1,0.0,2.0,-0.6376959622084509,-0.7156531882932214,-0.6376959622084509,-0.793610414377992,0.4,0.0,0.8,0.0,8.5,10.0,7.0,10.0
Nathan Sharp,Wright,5,2024,7,0.5384615384615384,0,,,,,,,,,1,0.0,,,,,,0.6125,0.6,0.625,0.6,8.0,10.0,6.0,10.0
Nathan Sharp,Wright,3,2025,8,0.125,1,5.0,5.0,5.0,5.0,0.5384615384615384,0.5384615384615384,0.5384615384615384,0.5384615384615384,0,0.0,,,,,,0.875,1.0,1.0,0.75,9.0,11.0,6.0,11.0
Nathan Sharp,Wright,7,2026,0,,2,3.0,4.0,3.0,5.0,0.125,0.3317307692307692,0.5384615384615384,0.125,0,0.0,,,,,,0.31287878787878787,0.8181818181818182,0.8181818181818182,0.0,8.25,6.0,6.0,11.0
Nea Shingler,BNG,1,2025,2,0.8888888888888888,0,,,,,,,,,1,0.0,,,,,,0.875,0.875,1.0,0.75,1.3333333333333333,2.0,1.0,2.0
Nea Shingler,BNG,4,2026,0,,1,1.0,1.0,1.0,1.0,0.8888888888888888,0.8888888888888888,0.8888888888888888,0.8888888888888888,0,0.0,,,,,,0.6607142857142857,1.0,1.0,0.14285714285714285,2.25,5.0,1.0,5.0
Ned Cole,Burgmann,2,2026,0,,0,,,,,,,,,1,0.0,1.0,0.8309143635472396,0.8309143635472396,0.8309143635472396,0.8309143635472396,0.5,0.875,0.875,0.0,6.25,2.0,2.0,11.0
Ned Hart,Burgmann,5,2024,4,0.7692307692307693,0,,,,,,,,,1,0.0,1.0,0.20380255238758768,0.20380255238758768,0.20380255238758768,0.20380255238758768,0.125,0.0,0.25,0.0,9.5,11.0,8.0,11.0
Ned Hart,Div X4,5,2025,,,1,5.0,5.0,5.0,5.0,0.7692307692307693,0.7692307692307693,0.7692307692307693,0.7692307692307693,0,0.0,1.0,0.20380255238758768,0.20380255238758768,0.20380255238758768,0.20380255238758768,,,,,,,,
Niamh Craven,Burgmann,6,2024,4,0.4,0,,,,,,,,,1,0.0,1.0,0.7188556591213825,0.7188556591213825,0.7188556591213825,0.7188556591213825,0.0625,0.0,0.125,0.0,9.5,11.0,8.0,11.0
Nic Mahoney,Yukeembruk,3,2026,0,,0,,,,,,,,,1,0.0,,,,,,0.5875,0.375,0.8,0.375,8.666666666666666,9.0,7.0,10.0
Nicholas Boffa,BNG,2,2023,2,0.8333333333333334,0,,,,,,,,,1,0.0,1.0,0.9024994487789605,0.9024994487789605,0.9024994487789605,0.9024994487789605,0.5,0.5,0.5,0.5,1.0,1.0,1.0,1.0
Nicholas Boffa,BNG,4,2024,7,0.14285714285714285,1,2.0,2.0,2.0,2.0,0.8333333333333334,0.8333333333333334,0.8333333333333334,0.8333333333333334,0,0.0,2.0,1.621669463129418,1.2620844559541893,1.621669463129418,0.9024994487789605,0.75,0.5,1.0,0.5,1.0,1.0,1.0,1.0
Nicholas Boffa,BNG,2,2025,5,0.5,2,4.0,3.0,2.0,4.0,0.14285714285714285,0.48809523809523814,0.8333333333333334,0.14285714285714285,0,0.0,3.0,1.1576634390861116,1.2272774503314967,1.621669463129418,0.9024994487789605,0.5277777777777778,0.25,0.8333333333333334,0.25,1.3333333333333333,2.0,1.0,2.0
Nicholas Boffa,BNG,5,2026,0,,3,2.0,2.6666666666666665,2.0,4.0,0.5,0.4920634920634921,0.8333333333333334,0.14285714285714285,0,0.0,4.0,0.09577562928667914,0.9444019950702922,1.621669463129418,0.09577562928667914,0.774066742081448,0.7058823529411765,0.9,0.6153846153846154,2.25,5.0,1.0,5.0
Nicholas Brennan,Bruce,2,2023,1,1.0,0,,,,,,,,,1,0.0,1.0,2.07410782410292,2.07410782410292,2.07410782410292,2.07410782410292,1.0,1.0,1.0,1.0,2.0,2.0,2.0,2.0
Nicholas Brennan,Bruce,1,2024,4,0.625,1,2.0,2.0,2.0,2.0,1.0,1.0,1.0,1.0,0,0.0,2.0,3.0586081244312946,2.566357974267107,3.0586081244312946,2.07410782410292,0.41666666666666663,0.3333333333333333,0.5,0.3333333333333333,2.0,2.0,2.0,2.0
Nicholas Brennan,Griffin,2,2025,1,1.0,2,1.0,1.5,1.0,2.0,0.625,0.8125,1.0,0.625,0,0.0,3.0,2.3545697066158198,2.4957618850500114,3.0586081244312946,2.07410782410292,0.4375,0.875,0.875,0.0,5.333333333333333,5.0,3.0,8.0
Nicholas Brennan,Griffin,2,2026,0,,3,2.0,1.6666666666666667,1.0,2.0,1.0,0.875,1.0,0.625,0,0.0,4.0,1.3606220351044072,2.2119769225636103,3.0586081244312946,1.3606220351044072,0.625,1.0,1.0,0.0,4.25,1.0,1.0,8.0
Nicholas Bull,Burgmann,5,2022,7,0.25,0,,,,,,,,,1,0.0,,,,,,,,,,,,,
Nicholas Bull,Burgmann,2,2023,DNF,0.0,1,5.0,5.0,5.0,5.0,0.25,0.25,0.25,0.25,0,0.0,,,,,,,,,,8.0,8.0,8.0,8.0
Nicholas Mahoney,Yukeembruk,6,2023,4,0.7272727272727273,0,,,,,,,,,1,0.0,1.0,0.9714175885038993,0.9714175885038993,0.9714175885038993,0.9714175885038993,,,,,,,,
Nicholas Mahoney,Yukeembruk,3,2024,2,0.8,1,6.0,6.0,6.0,6.0,0.7272727272727273,0.7272727272727273,0.7272727272727273,0.7272727272727273,0,0.0,2.0,0.09301131280827245,0.5322144506560859,0.9714175885038993,0.09301131280827245,,,,,7.0,7.0,7.0,7.0
Nicholas Stratton,Ursula,3,2022,3,0.6,0,,,,,,,,,1,0.0,1.0,-0.24,-0.24,-0.24,-0.24,,,,,,,,
Nicholas Stratton,Ursula,1,2023,DNF,0.0,1,3.0,3.0,3.0,3.0,0.6,0.6,0.6,0.6,0,0.0,2.0,-0.062354507370182645,-0.15117725368509133,-0.062354507370182645,-0.24,,,,,4.0,4.0,4.0,4.0
Nicholas Stratton,Ursula,1,2024,5,0.5,2,1.0,2.0,1.0,3.0,0.0,0.3,0.6,0.0,0,1.0,3.0,1.357521511471288,0.3517223347003684,1.357521511471288,-0.24,0.0,0.0,0.0,0.0,6.5,9.0,4.0,9.0
Nicola Steele,BNG,7,2025,5,0.6363636363636364,0,,,,,,,,,1,0.0,,,,,,0.8518518518518517,1.0,1.0,0.5555555555555556,1.3333333333333333,2.0,1.0,2.0
Nicole Dann,Ursula,6,2023,4,0.7272727272727273,0,,,,,,,,,1,0.0,1.0,0.3254902821066185,0.3254902821066185,0.3254902821066185,0.3254902821066185,0.75,0.75,0.75,0.75,4.0,4.0,4.0,4.0
Nikolai Sas,Johns,7,2022,4,0.6666666666666666,0,,,,,,,,,1,0.0,,,,,,,,,,,,,
Nina Manning,BNG,5,2023,2,0.9,0,,,,,,,,,1,0.0,1.0,-1.3717991621440198,-1.3717991621440198,-1.3717991621440198,-1.3717991621440198,0.875,0.875,0.875,0.875,1.0,1.0,1.0,1.0
Nina Manning,BNG,7,2024,1,1.0,1,5.0,5.0,5.0,5.0,0.9,0.9,0.9,0.9,0,0.0,2.0,-0.6407445993458774,-1.0062718807449484,-0.6407445993458774,-1.3717991621440198,0.7777777777777778,1.0,1.0,0.5555555555555556,1.0,1.0,1.0,1.0
Noa Sulcas,Wright,5,2025,8,0.5882352941176471,0,,,,,,,,,1,0.0,1.0,-0.3469168796867857,-0.3469168796867857,-0.3469168796867857,-0.3469168796867857,0.5878205128205128,0.5384615384615384,0.625,0.5384615384615384,9.0,11.0,6.0,11.0
Noah Baldwin,Lodge,7,2023,4,0.7,0,,,,,,,,,1,0.0,2.0,1.453844566578471,0.8119936070216471,1.453844566578471,0.17014264746482338,,,,,10.0,10.0,10.0,10.0
Noah Holicky,Fenner,1,2022,4,0.25,0,,,,,,,,,1,0.0,1.0,0.28,0.28,0.28,0.28,,,,,,,,
Noah Holicky,Fenner,6,2023,9,0.2727272727272727,1,1.0,1.0,1.0,1.0,0.25,0.25,0.25,0.25,0,0.0,1.0,0.28,0.28,0.28,0.28,,,,,9.0,9.0,9.0,9.0
Noah Holicky,Fenner,2,2024,3,0.75,2,6.0,3.5,1.0,6.0,0.2727272727272727,0.26136363636363635,0.2727272727272727,0.25,0,0.0,2.0,-0.3044398062752254,-0.012219903137612675,0.28,-0.3044398062752254,0.16666666666666666,0.3333333333333333,0.3333333333333333,0.0,6.0,3.0,3.0,9.0
Noah Tan,Wamburun,6,2023,2,0.9090909090909091,0,,,,,,,,,1,0.0,,,,,,,,,,7.0,7.0,7.0,7.0
Noemie Ah Chong,Ursula,5,2023,DNF,0.0,0,,,,,,,,,1,0.0,1.0,-2.267734978568224,-2.267734978568224,-2.267734978568224,-2.267734978568224,0.5,0.5,0.5,0.5,4.0,4.0,4.0,4.0
Noemie Leeder,Burgmann,6,2022,8,0.125,0,,,,,,,,,1,0.0,1.0,-1.01,-1.01,-1.01,-1.01,,,,,,,,
Nuria Olive,BNG,6,2022,4,0.625,0,,,,,,,,,1,0.0,,,,,,,,,,,,,
Nurul Azhar,Griffin,7,2025,7,0.45454545454545453,0,,,,,,,,,1,0.0,,,,,,0.3787037037037037,0.625,0.625,0.1111111111111111,5.333333333333333,5.0,3.0,8.0
Oli Carvosso,Ursula,7,2026,0,,0,,,,,,,,,1,0.0,,,,,,0.4861111111111111,1.0,1.0,0.0,6.75,8.0,4.0,9.0
Olive Swain,Bruce,6,2025,2,0.9375,0,,,,,,,,,1,0.0,,,,,,0.7333333333333334,0.2,1.0,0.2,1.6666666666666667,1.0,1.0,2.0
Olive Swain,Bruce,7,2026,0,,1,6.0,6.0,6.0,6.0,0.9375,0.9375,0.9375,0.9375,0,0.0,,,,,,0.39842171717171715,0.09090909090909091,0.7777777777777778,0.09090909090909091,3.0,7.0,1.0,7.0
Oliver Blyth,Bruce,1,2022,3,0.5,0,,,,,,,,,1,0.0,1.0,0.19,0.19,0.19,0.19,,,,,,,,
Oliver Ell,Johns,4,2023,7,0.25,0,,,,,,,,,1,0.0,1.0,-0.4758633457198154,-0.4758633457198154,-0.4758633457198154,-0.4758633457198154,,,,,5.0,5.0,5.0,5.0
Oliver Ell,Johns,3,2024,5,0.2,1,4.0,4.0,4.0,4.0,0.25,0.25,0.25,0.25,0,0.0,2.0,-0.18763780873009633,-0.3317505772249559,-0.18763780873009633,-0.4758633457198154,0.2,0.0,0.4,0.0,5.0,5.0,5.0,5.0
Oliver Ell,Div X1,6,2025,,,2,3.0,3.5,3.0,4.0,0.2,0.225,0.25,0.2,0,0.0,3.0,-0.3883404898064284,-0.35061388141878,-0.18763780873009633,-0.4758633457198154,,,,,,,,
Oliver James,BNG,7,2022,5,0.5555555555555556,0,,,,,,,,,1,0.0,,,,,,,,,,,,,
Oliver James,BNG,3,2023,DNF,0.0,1,7.0,7.0,7.0,7.0,0.5555555555555556,0.5555555555555556,0.5555555555555556,0.5555555555555556,0,0.0,1.0,0.4200724707043889,0.4200724707043889,0.4200724707043889,0.4200724707043889,0.8,0.8,0.8,0.8,1.0,1.0,1.0,1.0
Oliver James,BNG,3,2024,DQ,0.0,2,3.0,5.0,3.0,7.0,0.0,0.2777777777777778,0.5555555555555556,0.0,0,1.0,2.0,1.621669463129418,1.0208709669169034,1.621669463129418,0.4200724707043889,0.4,0.0,0.8,0.0,1.0,1.0,1.0,1.0
Oliver Lilford,Bruce,4,2022,2,0.8,0,,,,,,,,,1,0.0,1.0,1.57,1.57,1.57,1.57,,,,,,,,
Oliver Moore,Johns,3,2025,5,0.5,0,,,,,,,,,1,0.0,1.0,-0.3469168796867857,-0.3469168796867857,-0.3469168796867857,-0.3469168796867857,0.20000000000000004,0.2,0.4,0.0,5.666666666666667,7.0,5.0,7.0
Oliver O'Neill,Div X1,5,2023,,,0,,,,,,,,,1,0.0,1.0,0.8433157309126021,0.8433157309126021,0.8433157309126021,0.8433157309126021,,,,,,,,
Oliver Payne,Burgmann,6,2023,DNF,0.0,0,,,,,,,,,1,0.0,1.0,-2.336653118293163,-2.336653118293163,-2.336653118293163,-2.336653118293163,0.125,0.125,0.125,0.125,8.0,8.0,8.0,8.0
Oliver Payne,Burgmann,1,2025,7,0.3333333333333333,1,6.0,6.0,6.0,6.0,0.0,0.0,0.0,0.0,0,1.0,1.0,-2.336653118293163,-2.336653118293163,-2.336653118293163,-2.336653118293163,0.0625,0.125,0.125,0.0,7.666666666666667,4.0,4.0,11.0
Oliver Pulsford,BNG,1,2022,2,0.75,0,,,,,,,,,1,0.0,1.0,0.28,0.28,0.28,0.28,,,,,,,,
Oliver Segerman,Burgmann,5,2023,DNF,0.0,0,,,,,,,,,1,0.0,,,,,,0.25,0.25,0.25,0.25,8.0,8.0,8.0,8.0
Oliver Segerman,Div X6,5,2025,,,1,5.0,5.0,5.0,5.0,0.0,0.0,0.0,0.0,0,1.0,,,,,,,,,,,,,
Oliver Stephens,Bruce,1,2023,3,0.3333333333333333,0,,,,,,,,,1,0.0,1.0,-0.20019078682006025,-0.20019078682006025,-0.20019078682006025,-0.20019078682006025,0.5,0.5,0.5,0.5,2.0,2.0,2.0,2.0
Oliver Walsh,Wright,4,2026,0,,0,,,,,,,,,1,0.0,1.0,-0.4510677973542158,-0.4510677973542158,-0.4510677973542158,-0.4510677973542158,0.041666666666666664,0.125,0.125,0.0,8.25,6.0,6.0,11.0
Olivia Hamilton,Lodge,6,2022,7,0.25,0,,,,,,,,,1,0.0,,,,,,,,,,,,,
Olivia Hamilton,Lodge,5,2023,8,0.3,1,6.0,6.0,6.0,6.0,0.25,0.25,0.25,0.25,0,0.0,1.0,0.17014264746482338,0.17014264746482338,0.17014264746482338,0.17014264746482338,,,,,10.0,10.0,10.0,10.0
Olivia Hamilton,Lodge,1,2024,3,0.75,2,5.0,5.5,5.0,6.0,0.3,0.275,0.3,0.25,0,0.0,2.0,0.9866832746229557,0.5784129610438895,0.9866832746229557,0.17014264746482338,,,,,8.0,6.0,6.0,10.0
Olivia Kibble,Johns,6,2022,2,0.875,0,,,,,,,,,1,0.0,1.0,-0.01,-0.01,-0.01,-0.01,,,,,,,,
Olivia Roulstone,Johns,5,2022,3,0.75,0,,,,,,,,,1,0.0,,,,,,,,,,,,,
Olivia Roulstone,Johns,4,2023,7,0.25,1,5.0,5.0,5.0,5.0,0.75,0.75,0.75,0.75,0,0.0,1.0,0.35115433097945015,0.35115433097945015,0.35115433097945015,0.35115433097945015,,,,,5.0,5.0,5.0,5.0
Olivia Sanderson,BNG,6,2025,DNF,0.0,0,,,,,,,,,1,0.0,,,,,,0.681060606060606,0.6,0.8181818181818182,0.6,1.3333333333333333,2.0,1.0,2.0
Olivia Taylor,Wamburun,6,2025,8,0.5625,0,,,,,,,,,1,0.0,,,,,,0.45454545454545453,0.0,0.9090909090909091,0.0,6.666666666666667,9.0,4.0,9.0
Olivia Vigneault,Johns,2,2023,3,0.6666666666666666,0,,,,,,,,,1,0.0,1.0,-0.13127264709512143,-0.13127264709512143,-0.13127264709512143,-0.13127264709512143,,,,,5.0,5.0,5.0,5.0
Olivia Vigneault,Johns,2,2024,6,0.375,1,2.0,2.0,2.0,2.0,0.6666666666666666,0.6666666666666666,0.6666666666666666,0.6666666666666666,0,0.0,2.0,-0.22884205726879991,-0.18005735218196067,-0.13127264709512143,-0.22884205726879991,0.6666666666666666,0.6666666666666666,0.6666666666666666,0.6666666666666666,5.0,5.0,5.0,5.0
Olivia Yates,Wright,5,2023,5,0.6,0,,,,,,,,,1,0.0,1.0,-0.7101606155053489,-0.7101606155053489,-0.7101606155053489,-0.7101606155053489,0.625,0.625,0.625,0.625,6.0,6.0,6.0,6.0
Olivia Yates,Wright,4,2024,DNF,0.0,1,5.0,5.0,5.0,5.0,0.6,0.6,0.6,0.6,0,0.0,2.0,-0.0640250631139856,-0.38709283930966726,-0.0640250631139856,-0.7101606155053489,0.0,0.0,0.0,0.0,8.0,10.0,6.0,10.0
Olivia Yates,Wright,1,2025,9,0.1111111111111111,2,4.0,4.5,4.0,5.0,0.0,0.3,0.6,0.0,0,1.0,4.0,-0.8272633284838736,-0.6096573368083194,-0.0640250631139856,-0.837180340130069,0.6666666666666666,0.6666666666666666,0.6666666666666666,0.6666666666666666,9.0,11.0,6.0,11.0
Olivia Yates,Wright,6,2026,0,,3,1.0,3.3333333333333335,1.0,5.0,0.1111111111111111,0.23703703703703702,0.6,0.0,0,1.0,4.0,-0.8272633284838736,-0.6096573368083194,-0.0640250631139856,-0.837180340130069,0.3125,0.75,0.75,0.0,8.25,6.0,6.0,11.0
Ollie Davey,Johns,2,2024,6,0.375,0,,,,,,,,,1,0.0,1.0,0.18473080182754117,0.18473080182754117,0.18473080182754117,0.18473080182754117,0.6666666666666666,0.6666666666666666,0.6666666666666666,0.6666666666666666,5.0,5.0,5.0,5.0
Ollie Davey,Johns,1,2025,4,0.6666666666666666,1,2.0,2.0,2.0,2.0,0.375,0.375,0.375,0.375,0,0.0,1.0,0.18473080182754117,0.18473080182754117,0.18473080182754117,0.18473080182754117,0.125,0.375,0.375,0.0,5.666666666666667,7.0,5.0,7.0
Ollie Freeman,Johns,5,2023,1,1.0,0,,,,,,,,,1,0.0,,,,,,0.75,0.75,0.75,0.75,5.0,5.0,5.0,5.0
Ollie Stocks,Wright,4,2025,8,0.125,0,,,,,,,,,1,0.0,,,,,,0.0,0.0,0.0,0.0,9.0,11.0,6.0,11.0
Oscar Brundell,Fenner,5,2025,5,0.7647058823529411,0,,,,,,,,,1,0.0,1.0,-1.236149095973305,-1.236149095973305,-1.236149095973305,-1.236149095973305,0.6730769230769231,0.8461538461538461,0.8461538461538461,0.5,5.0,3.0,3.0,9.0
Oscar Brundell,Fenner,2,2026,0,,1,5.0,5.0,5.0,5.0,0.7647058823529411,0.7647058823529411,0.7647058823529411,0.7647058823529411,0,0.0,2.0,-0.2599624223495569,-0.748055759161431,-0.2599624223495569,-1.236149095973305,0.3645833333333333,0.375,0.75,0.0,4.5,3.0,3.0,9.0
Oscar Joyce-Thomson,Fenner,4,2023,1,1.0,0,,,,,,,,,1,0.0,1.0,-0.13127264709512143,-0.13127264709512143,-0.13127264709512143,-0.13127264709512143,,,,,9.0,9.0,9.0,9.0
Oscar Joyce-Thomson,Fenner,5,2024,3,0.8461538461538461,1,4.0,4.0,4.0,4.0,1.0,1.0,1.0,1.0,0,0.0,2.0,-0.5490251103266086,-0.340148878710865,-0.13127264709512143,-0.5490251103266086,0.5,0.5,0.5,0.5,6.0,3.0,3.0,9.0
Oscar McMillan,Johns,2,2025,4,0.625,0,,,,,,,,,1,0.0,,,,,,0.5208333333333333,0.375,0.6666666666666666,0.375,5.666666666666667,7.0,5.0,7.0
Oscar Veitch,Johns,5,2025,9,0.5294117647058824,0,,,,,,,,,1,0.0,1.0,-0.3469168796867857,-0.3469168796867857,-0.3469168796867857,-0.3469168796867857,0.7371794871794872,0.46153846153846156,1.0,0.46153846153846156,5.666666666666667,7.0,5.0,7.0
Oscar Woolford,BNG,5,2022,2,0.875,0,,,,,,,,,1,0.0,1.0,0.62,0.62,0.62,0.62,,,,,,,,
Oscar Woolford,BNG,1,2024,2,0.875,1,5.0,5.0,5.0,5.0,0.875,0.875,0.875,0.875,0,0.0,3.0,1.5299499741101492,0.9485650012380978,1.5299499741101492,0.62,0.875,1.0,1.0,0.75,1.0,1.0,1.0,1.0
Oscar Woolford,Griffin,4,2025,2,0.875,2,1.0,3.0,1.0,5.0,0.875,0.875,0.875,0.875,0,0.0,4.0,0.5093392108408529,0.8387585536387866,1.5299499741101492,0.5093392108408529,0.5125,0.625,0.625,0.4,5.333333333333333,5.0,3.0,8.0
Oscar Woolford,BNG,1,2026,0,,3,4.0,3.3333333333333335,1.0,5.0,0.875,0.875,0.875,0.875,0,0.0,5.0,0.7677252823773472,0.8245518993864988,1.5299499741101492,0.5093392108408529,0.8784722222222222,0.8888888888888888,1.0,0.75,2.25,5.0,1.0,5.0
Oskar Bohm,Fenner,1,2024,DNF,0.0,0,,,,,,,,,1,0.0,1.0,0.45988926888534737,0.45988926888534737,0.45988926888534737,0.45988926888534737,0.25,0.25,0.25,0.25,6.0,3.0,3.0,9.0
Oskar Bohm,Fenner,1,2025,5,0.5555555555555556,1,1.0,1.0,1.0,1.0,0.0,0.0,0.0,0.0,0,1.0,2.0,-1.236149095973305,-0.38812991354397886,0.45988926888534737,-1.236149095973305,0.125,0.0,0.25,0.0,5.0,3.0,3.0,9.0
Oskar Bohm,Fenner,6,2026,0,,2,1.0,1.0,1.0,1.0,0.5555555555555556,0.2777777777777778,0.5555555555555556,0.0,0,1.0,2.0,-1.236149095973305,-0.38812991354397886,0.45988926888534737,-1.236149095973305,0.5867424242424243,0.6875,0.8,0.2727272727272727,4.5,3.0,3.0,9.0
Owen Chenhall,BNG,1,2023,1,1.0,0,,,,,,,,,1,0.0,1.0,0.6957450296041441,0.6957450296041441,0.6957450296041441,0.6957450296041441,0.75,0.75,0.75,0.75,1.0,1.0,1.0,1.0
Owen Chenhall,BNG,1,2024,2,0.875,1,1.0,1.0,1.0,1.0,1.0,1.0,1.0,1.0,0,0.0,2.0,1.22421834404592,0.959981686825032,1.22421834404592,0.6957450296041441,0.875,1.0,1.0,0.75,1.0,1.0,1.0,1.0
Owen Chenhall,BNG,1,2025,2,0.8888888888888888,2,1.0,1.0,1.0,1.0,0.875,0.9375,1.0,0.875,0,0.0,3.0,1.6065032894097522,1.1754888876866054,1.6065032894097522,0.6957450296041441,0.875,0.875,1.0,0.75,1.3333333333333333,2.0,1.0,2.0
Owen Crofts,Div X2,5,2023,,,0,,,,,,,,,1,0.0,1.0,0.11836010258422501,0.11836010258422501,0.11836010258422501,0.11836010258422501,,,,,,,,
Owen Crofts,Div X3,5,2025,,,1,5.0,5.0,5.0,5.0,,,,,0,0.0,2.0,-1.948071709010412,-0.9148558032130936,0.11836010258422501,-1.948071709010412,,,,,,,,
Owen Isaacs,Wright,2,2025,3,0.75,0,,,,,,,,,1,0.0,1.0,1.094122466704478,1.094122466704478,1.094122466704478,1.094122466704478,0.0,0.0,0.0,0.0,9.0,11.0,6.0,11.0
Owen Isaacs,Wright,1,2026,0,,1,2.0,2.0,2.0,2.0,0.75,0.75,0.75,0.75,0,0.0,1.0,1.094122466704478,1.094122466704478,1.094122466704478,1.094122466704478,0.38888888888888884,0.1111111111111111,0.6666666666666666,0.1111111111111111,8.25,6.0,6.0,11.0
Owen Yates,Wright,5,2025,8,0.5882352941176471,0,,,,,,,,,1,0.0,1.0,0.11037045499761675,0.11037045499761675,0.11037045499761675,0.11037045499761675,0.5878205128205128,0.5384615384615384,0.625,0.5384615384615384,9.0,11.0,6.0,11.0
Paris Sharkie,BNG,6,2022,4,0.625,0,,,,,,,,,1,0.0,1.0,-0.82,-0.82,-0.82,-0.82,,,,,,,,
Patrick Fullilove,Wright,7,2025,3,0.8181818181818182,0,,,,,,,,,1,0.0,,,,,,0.14444444444444446,0.0,0.3333333333333333,0.0,9.0,11.0,6.0,11.0
Patrick Gleeson,Burgmann,3,2023,DNF,0.0,0,,,,,,,,,1,0.0,1.0,0.4808379167484136,0.4808379167484136,0.4808379167484136,0.4808379167484136,,,,,8.0,8.0,8.0,8.0
Patrick Guthridge,Fenner,3,2022,DNF,0.0,0,,,,,,,,,1,0.0,1.0,-0.72,-0.72,-0.72,-0.72,,,,,,,,
Patrick Leech,Yukeembruk,4,2025,4,0.625,0,,,,,,,,,1,0.0,1.0,-0.837180340130069,-0.837180340130069,-0.837180340130069,-0.837180340130069,0.0,0.0,0.0,0.0,8.5,10.0,7.0,10.0
Patrick Leech,Yukeembruk,4,2026,0,,1,4.0,4.0,4.0,4.0,0.625,0.625,0.625,0.625,0,0.0,2.0,-0.4971211234403809,-0.667150731785225,-0.4971211234403809,-0.837180340130069,0.3125,0.625,0.625,0.0,8.666666666666666,9.0,7.0,10.0
Patrick Mason,BNG,5,2023,2,0.9,0,,,,,,,,,1,0.0,,,,,,0.875,0.875,0.875,0.875,1.0,1.0,1.0,1.0
Patrick O'Connor,Fenner,2,2023,5,0.3333333333333333,0,,,,,,,,,1,0.0,1.0,-0.5447814854447542,-0.5447814854447542,-0.5447814854447542,-0.5447814854447542,0.0,0.0,0.0,0.0,9.0,9.0,9.0,9.0
Patrick O'Connor,Fenner,1,2024,DNF,0.0,1,2.0,2.0,2.0,2.0,0.3333333333333333,0.3333333333333333,0.3333333333333333,0.3333333333333333,0,0.0,2.0,0.45988926888534737,-0.04244610827970344,0.45988926888534737,-0.5447814854447542,0.25,0.25,0.25,0.25,6.0,3.0,3.0,9.0
Patrick O'Connor,Fenner,3,2025,1,1.0,2,1.0,1.5,1.0,2.0,0.0,0.16666666666666666,0.3333333333333333,0.0,0,1.0,3.0,0.3469168796867857,0.08734155437579294,0.45988926888534737,-0.5447814854447542,0.21666666666666667,0.4,0.4,0.0,5.0,3.0,3.0,9.0
Paul Pedreno,Bruce,3,2023,1,1.0,0,,,,,,,,,1,0.0,,,,,,0.2,0.2,0.2,0.2,2.0,2.0,2.0,2.0
Peter Woodhead,BNG,7,2024,1,1.0,0,,,,,,,,,1,0.0,,,,,,0.7777777777777778,1.0,1.0,0.5555555555555556,1.0,1.0,1.0,1.0
Phoebe Evans,BNG,7,2023,1,1.0,0,,,,,,,,,1,0.0,,,,,,0.5555555555555556,0.5555555555555556,0.5555555555555556,0.5555555555555556,1.0,1.0,1.0,1.0
Phoebe Evans,BNG,5,2024,6,0.6153846153846154,1,7.0,7.0,7.0,7.0,1.0,1.0,1.0,1.0,0,0.0,2.0,0.03186498679542663,0.3959324933977133,0.76,0.03186498679542663,0.8875,0.9,0.9,0.875,1.0,1.0,1.0,1.0
Phoebe Lines,BNG,6,2022,4,0.625,0,,,,,,,,,1,0.0,1.0,0.28,0.28,0.28,0.28,,,,,,,,
Phoebe Lines,BNG,5,2023,2,0.9,1,6.0,6.0,6.0,6.0,0.625,0.625,0.625,0.625,0,0.0,2.0,0.35115433097945015,0.3155771654897251,0.35115433097945015,0.28,0.875,0.875,0.875,0.875,1.0,1.0,1.0,1.0
Phoebe Lines,BNG,4,2024,7,0.14285714285714285,2,5.0,5.5,5.0,6.0,0.9,0.7625,0.9,0.625,0,0.0,3.0,0.12358447581469537,0.25157960226471515,0.35115433097945015,0.12358447581469537,0.75,0.5,1.0,0.5,1.0,1.0,1.0,1.0
Pia Cunningham,Griffin,6,2022,6,0.375,0,,,,,,,,,1,0.0,,,,,,,,,,,,,
Pia Cunningham,Griffin,6,2023,8,0.36363636363636365,1,6.0,6.0,6.0,6.0,0.375,0.375,0.375,0.375,0,0.0,2.0,-0.4512478911023571,-1.3250323649728213,-0.4512478911023571,-2.1988168388432854,0.375,0.375,0.375,0.375,3.0,3.0,3.0,3.0
Pippa Buchanan,Bruce,3,2022,5,0.2,0,,,,,,,,,1,0.0,1.0,1.57,1.57,1.57,1.57,,,,,,,,
Pippa Buchanan,Bruce,5,2025,3,0.8823529411764706,1,3.0,3.0,3.0,3.0,0.2,0.2,0.2,0.2,0,0.0,2.0,-0.5878248677280464,0.4910875661359768,1.57,-0.5878248677280464,0.7999999999999999,1.0,1.0,0.4,1.6666666666666667,1.0,1.0,2.0
Poppy Haggstrom,BNG,7,2026,0,,0,,,,,,,,,1,0.0,1.0,-0.9714385256220289,-0.9714385256220289,-0.9714385256220289,-0.9714385256220289,0.797979797979798,0.6363636363636364,1.0,0.5555555555555556,2.25,5.0,1.0,5.0
Prue Burnet,Bruce,2,2026,0,,0,,,,,,,,,1,0.0,1.0,1.6373071863770352,1.6373071863770352,1.6373071863770352,1.6373071863770352,0.75,0.0,1.0,0.0,3.0,7.0,1.0,7.0
Rachel Arthur,Burgmann,5,2023,DNF,0.0,0,,,,,,,,,1,0.0,,,,,,0.25,0.25,0.25,0.25,8.0,8.0,8.0,8.0
Ramoose Tan,Lodge,6,2023,6,0.5454545454545454,0,,,,,,,,,1,0.0,,,,,,0.25,0.25,0.25,0.25,10.0,10.0,10.0,10.0
Ramoose Tan,Lodge,6,2024,DNF,0.0,1,6.0,6.0,6.0,6.0,0.5454545454545454,0.5454545454545454,0.5454545454545454,0.5454545454545454,0,0.0,,,,,,0.3977272727272727,0.5454545454545454,0.5454545454545454,0.25,8.0,6.0,6.0,10.0
Ramoose Tan,Lodge,7,2025,9,0.2727272727272727,2,6.0,6.0,6.0,6.0,0.0,0.2727272727272727,0.5454545454545454,0.0,0,1.0,1.0,-0.3883404898064284,-0.3883404898064284,-0.3883404898064284,-0.3883404898064284,0.5375,0.375,0.7,0.375,8.0,8.0,6.0,10.0
Ranit Bose,Griffin,5,2022,6,0.375,0,,,,,,,,,1,0.0,1.0,0.47,0.47,0.47,0.47,,,,,,,,
Ranit Bose,Griffin,7,2023,7,0.4,1,5.0,5.0,5.0,5.0,0.375,0.375,0.375,0.375,0,0.0,2.0,-1.7163898607687138,-0.6231949303843569,0.47,-1.7163898607687138,0.1111111111111111,0.1111111111111111,0.1111111111111111,0.1111111111111111,3.0,3.0,3.0,3.0
Rebecca Bjerke,Johns,3,2022,4,0.4,0,,,,,,,,,1,0.0,,,,,,,,,,,,,
Rebecca Bjerke,Johns,6,2023,7,0.45454545454545453,1,3.0,3.0,3.0,3.0,0.4,0.4,0.4,0.4,0,0.0,1.0,0.532620461629012,0.532620461629012,0.532620461629012,0.532620461629012,0.875,0.875,0.875,0.875,5.0,5.0,5.0,5.0
Reece McRitchie,Div X6,6,2025,,,0,,,,,,,,,1,0.0,,,,,,,,,,,,,
Remy Williams-Mcconnell,Wamburun,7,2024,DNF,0.0,0,,,,,,,,,1,0.0,1.0,-0.059854502223842095,-0.059854502223842095,-0.059854502223842095,-0.059854502223842095,0.3611111111111111,0.5,0.5,0.2222222222222222,5.5,4.0,4.0,7.0
Reshmi Senanayke,Wright,4,2026,0,,0,,,,,,,,,1,0.0,,,,,,0.041666666666666664,0.125,0.125,0.0,8.25,6.0,6.0,11.0
Rhys Jones,Johns,7,2025,4,0.7272727272727273,0,,,,,,,,,1,0.0,,,,,,0.4138888888888889,0.375,0.6666666666666666,0.2,5.666666666666667,7.0,5.0,7.0
Rhys Joseland,Ursula,6,2026,0,,0,,,,,,,,,1,0.0,,,,,,0.5880681818181819,0.875,0.875,0.0,6.75,8.0,4.0,9.0
Rick Dewar,Ursula,6,2025,3,0.875,0,,,,,,,,,1,0.0,,,,,,0.49242424242424243,0.0,0.75,0.0,6.333333333333333,6.0,4.0,9.0
Rik Chakraborty ,Toad,7,2026,0,,0,,,,,,,,,1,0.0,,,,,,,,,,,,,
Riley Brion,Fenner,2,2025,6,0.375,0,,,,,,,,,1,0.0,,,,,,0.3611111111111111,0.75,0.75,0.0,5.0,3.0,3.0,9.0
Riley Klose,Bruce,3,2026,0,,0,,,,,,,,,1,0.0,1.0,1.6373071863770352,1.6373071863770352,1.6373071863770352,1.6373071863770352,0.51875,0.875,1.0,0.0,3.0,7.0,1.0,7.0
Riley Lane,Div X4,5,2024,,,0,,,,,,,,,1,0.0,1.0,-0.5490251103266086,-0.5490251103266086,-0.5490251103266086,-0.5490251103266086,,,,,,,,
Robin Briggen,Wamburun,4,2022,3,0.6,0,,,,,,,,,1,0.0,1.0,1.33,1.33,1.33,1.33,,,,,,,,
Rohan Stannage,Wamburun,5,2023,4,0.7,0,,,,,,,,,1,0.0,,,,,,0.125,0.125,0.125,0.125,7.0,7.0,7.0,7.0
Romy Burke,Johns,5,2024,8,0.46153846153846156,0,,,,,,,,,1,0.0,1.0,-0.18763780873009633,-0.18763780873009633,-0.18763780873009633,-0.18763780873009633,0.875,1.0,1.0,0.75,5.0,5.0,5.0,5.0
Romy Frey,Bruce,5,2026,0,,0,,,,,,,,,1,0.0,,,,,,0.8205882352941176,0.8823529411764706,1.0,0.4,3.0,7.0,1.0,7.0
Ronan Ciuffa,BNG,3,2023,DNF,0.0,0,,,,,,,,,1,0.0,,,,,,0.8,0.8,0.8,0.8,1.0,1.0,1.0,1.0
Rory Olsson,Fenner,7,2022,1,1.0,0,,,,,,,,,1,0.0,,,,,,,,,,,,,
Rose Dowdle,Burgmann,6,2024,4,0.4,0,,,,,,,,,1,0.0,1.0,0.20380255238758768,0.20380255238758768,0.20380255238758768,0.20380255238758768,0.0625,0.0,0.125,0.0,9.5,11.0,8.0,11.0
Rose Dowdle,Burgmann,7,2025,2,0.9090909090909091,1,6.0,6.0,6.0,6.0,0.4,0.4,0.4,0.4,0,0.0,1.0,0.20380255238758768,0.20380255238758768,0.20380255238758768,0.20380255238758768,0.6462962962962963,0.75,0.8888888888888888,0.3,7.666666666666667,4.0,4.0,11.0
Rose Thompson,Wamburun,5,2022,8,0.125,0,,,,,,,,,1,0.0,1.0,-1.04,-1.04,-1.04,-1.04,,,,,,,,
Rose Thompson,Wamburun,5,2023,4,0.7,1,5.0,5.0,5.0,5.0,0.125,0.125,0.125,0.125,0,0.0,2.0,0.5844030065096103,-0.22779849674519487,0.5844030065096103,-1.04,0.125,0.125,0.125,0.125,7.0,7.0,7.0,7.0
Rosie Sewell,Wright,4,2023,DNF,0.0,0,,,,,,,,,1,0.0,,,,,,,,,,6.0,6.0,6.0,6.0
Rowena Taylor,Ursula,5,2024,5,0.6923076923076923,0,,,,,,,,,1,0.0,1.0,1.357521511471288,1.357521511471288,1.357521511471288,1.357521511471288,0.25,0.0,0.5,0.0,6.5,9.0,4.0,9.0
Roy Kuchel,BNG,6,2025,DNF,0.0,0,,,,,,,,,1,0.0,1.0,1.1576634390861116,1.1576634390861116,1.1576634390861116,1.1576634390861116,0.681060606060606,0.6,0.8181818181818182,0.6,1.3333333333333333,2.0,1.0,2.0
Rozie Higgs,BNG,6,2022,4,0.625,0,,,,,,,,,1,0.0,1.0,-0.82,-0.82,-0.82,-0.82,,,,,,,,
Rozie Higgs,BNG,5,2023,2,0.9,1,6.0,6.0,6.0,6.0,0.625,0.625,0.625,0.625,0,0.0,2.0,-0.33802706626993784,-0.5790135331349688,-0.33802706626993784,-0.82,0.875,0.875,0.875,0.875,1.0,1.0,1.0,1.0
Ruben Afanasiev,BNG,5,2025,6,0.7058823529411765,0,,,,,,,,,1,0.0,,,,,,0.7967948717948717,0.6153846153846154,0.9,0.6153846153846154,1.3333333333333333,2.0,1.0,2.0
Rubin Vakulya,Wamburun,7,2026,0,,0,,,,,,,,,1,0.0,1.0,-3.0,-3.0,-3.0,-3.0,0.31691919191919193,0.5454545454545454,0.5454545454545454,0.0,7.75,11.0,4.0,11.0
Ruby Casey,Johns,7,2023,9,0.2,0,,,,,,,,,1,0.0,,,,,,0.6666666666666666,0.6666666666666666,0.6666666666666666,0.6666666666666666,5.0,5.0,5.0,5.0
Ruby Casey,Johns,6,2024,DNF,0.0,1,7.0,7.0,7.0,7.0,0.2,0.2,0.2,0.2,0,0.0,1.0,-0.18763780873009633,-0.18763780873009633,-0.18763780873009633,-0.18763780873009633,0.6647727272727273,0.45454545454545453,0.875,0.45454545454545453,5.0,5.0,5.0,5.0
Ruby Selikowitz,Johns,3,2023,DNF,0.0,0,,,,,,,,,1,0.0,1.0,-0.13127264709512143,-0.13127264709512143,-0.13127264709512143,-0.13127264709512143,0.4,0.4,0.4,0.4,5.0,5.0,5.0,5.0
Ruby Straker,Bruce,7,2025,11,0.09090909090909091,0,,,,,,,,,1,0.0,,,,,,0.5009259259259259,0.125,0.7777777777777778,0.125,1.6666666666666667,1.0,1.0,2.0
Ryan Horrigan,Lodge,6,2023,6,0.5454545454545454,0,,,,,,,,,1,0.0,1.0,0.17014264746482338,0.17014264746482338,0.17014264746482338,0.17014264746482338,0.25,0.25,0.25,0.25,10.0,10.0,10.0,10.0
Ryan Horrigan,Lodge,5,2024,2,0.9230769230769231,1,6.0,6.0,6.0,6.0,0.5454545454545454,0.5454545454545454,0.5454545454545454,0.5454545454545454,0,0.0,1.0,0.17014264746482338,0.17014264746482338,0.17014264746482338,0.17014264746482338,0.3,0.3,0.3,0.3,8.0,6.0,6.0,10.0
Ryan Leonard,Div X1,2,2023,,,0,,,,,,,,,1,0.0,2.0,1.8271840836439712,0.9168738579993637,1.8271840836439712,0.0065636323547561505,,,,,,,,
Ryan Schneider,BNG,4,2024,7,0.14285714285714285,0,,,,,,,,,1,0.0,1.0,1.5299499741101492,1.5299499741101492,1.5299499741101492,1.5299499741101492,0.75,0.5,1.0,0.5,1.0,1.0,1.0,1.0
Ryan Stocks,Griffin,4,2023,4,0.625,0,,,,,,,,,1,0.0,2.0,1.5916808460283485,1.7258404230141742,1.86,1.5916808460283485,0.4,0.4,0.4,0.4,3.0,3.0,3.0,3.0
Ryan Stocks,Griffin,1,2026,0,,1,4.0,4.0,4.0,4.0,0.625,0.625,0.625,0.625,0,0.0,5.0,2.664994891103939,2.221970397206204,2.664994891103939,1.5916808460283485,0.75,1.0,1.0,0.0,4.25,1.0,1.0,8.0
Sabina Engelhard,Ursula,5,2025,1,1.0,0,,,,,,,,,1,0.0,,,,,,0.3974358974358974,0.6923076923076923,0.6923076923076923,0.0,6.333333333333333,6.0,4.0,9.0
Sacha Bennet,Div X2,2,2024,DNF,0.0,0,,,,,,,,,1,0.0,2.0,0.6158450377746235,-0.007077481112688244,0.6158450377746235,-0.63,,,,,,,,
Sacha Bennet,Div X5,5,2025,,,1,2.0,2.0,2.0,2.0,0.0,0.0,0.0,0.0,0,1.0,2.0,0.6158450377746235,-0.007077481112688244,0.6158450377746235,-0.63,0.0,0.0,0.0,0.0,,,,
Sachin Kellett,Johns,1,2026,0,,0,,,,,,,,,1,0.0,1.0,0.6886723820137391,0.6886723820137391,0.6886723820137391,0.6886723820137391,0.26041666666666663,0.6666666666666666,0.6666666666666666,0.0,5.25,4.0,4.0,7.0
Sally Danks,Fenner,5,2024,3,0.8461538461538461,0,,,,,,,,,1,0.0,,,,,,0.5,0.5,0.5,0.5,6.0,3.0,3.0,9.0
Sally Parker,Burgmann,3,2026,0,,0,,,,,,,,,1,0.0,1.0,0.6409910804507277,0.6409910804507277,0.6409910804507277,0.6409910804507277,0.3125,0.625,0.625,0.0,6.25,2.0,2.0,11.0
Sam Linderman,Johns,6,2022,2,0.875,0,,,,,,,,,1,0.0,,,,,,,,,,,,,
Sam Long,Div X2,5,2024,,,0,,,,,,,,,1,0.0,1.0,0.20380255238758768,0.20380255238758768,0.20380255238758768,0.20380255238758768,,,,,,,,
Sam Lusk,Ursula,3,2025,DNF,0.0,0,,,,,,,,,1,0.0,1.0,0.45366053497502745,0.45366053497502745,0.45366053497502745,0.45366053497502745,0.45,0.0,0.75,0.0,6.333333333333333,6.0,4.0,9.0
Sam Odgers,Wright,6,2025,5,0.75,0,,,,,,,,,1,0.0,,,,,,0.16666666666666666,0.0,0.5,0.0,9.0,11.0,6.0,11.0
Sam Ostrowski,BNG,6,2023,3,0.8181818181818182,0,,,,,,,,,1,0.0,1.0,0.35115433097945015,0.35115433097945015,0.35115433097945015,0.35115433097945015,0.625,0.625,0.625,0.625,1.0,1.0,1.0,1.0
Sam Reissenweber,Ursula,4,2026,0,,0,,,,,,,,,1,0.0,,,,,,0.2589285714285714,0.0,0.75,0.0,6.75,8.0,4.0,9.0
Sam Smith,Ursula,6,2023,4,0.7272727272727273,0,,,,,,,,,1,0.0,1.0,0.7915331860320038,0.7915331860320038,0.7915331860320038,0.7915331860320038,0.75,0.75,0.75,0.75,4.0,4.0,4.0,4.0
Sam Smith,Ursula,5,2024,5,0.6923076923076923,1,6.0,6.0,6.0,6.0,0.7272727272727273,0.7272727272727273,0.7272727272727273,0.7272727272727273,0,0.0,1.0,0.7915331860320038,0.7915331860320038,0.7915331860320038,0.7915331860320038,0.25,0.0,0.5,0.0,6.5,9.0,4.0,9.0
Sam Steele,Ursula,2,2026,0,,0,,,,,,,,,1,0.0,1.0,-0.5460294389024718,-0.5460294389024718,-0.5460294389024718,-0.5460294389024718,0.25,0.0,0.5,0.0,6.75,8.0,4.0,9.0
Sam Thompson,Ursula,7,2022,6,0.4444444444444444,0,,,,,,,,,1,0.0,,,,,,,,,,,,,
Samantha Williams,Yukeembruk,5,2023,3,0.8,0,,,,,,,,,1,0.0,1.0,0.9714175885038993,0.9714175885038993,0.9714175885038993,0.9714175885038993,,,,,,,,
Samantha Williams,Yukeembruk,3,2024,2,0.8,1,5.0,5.0,5.0,5.0,0.8,0.8,0.8,0.8,0,0.0,2.0,-0.793610414377992,0.08890358706295365,0.9714175885038993,-0.793610414377992,,,,,7.0,7.0,7.0,7.0
Samuel Garbellini,Wright,5,2022,4,0.625,0,,,,,,,,,1,0.0,,,,,,,,,,,,,
Samuel Garbellini,Wright,4,2023,DNF,0.0,1,5.0,5.0,5.0,5.0,0.625,0.625,0.625,0.625,0,0.0,1.0,-0.8893721840694482,-0.8893721840694482,-0.8893721840694482,-0.8893721840694482,,,,,6.0,6.0,6.0,6.0
Samuel Ingloff-Richards,Ursula,6,2023,4,0.7272727272727273,0,,,,,,,,,1,0.0,1.0,-2.267734978568224,-2.267734978568224,-2.267734978568224,-2.267734978568224,0.75,0.75,0.75,0.75,4.0,4.0,4.0,4.0
Samuel Joffy,Bruce,6,2024,5,0.2,0,,,,,,,,,1,0.0,1.0,-0.27386664326880245,-0.27386664326880245,-0.27386664326880245,-0.27386664326880245,1.0,1.0,1.0,1.0,2.0,2.0,2.0,2.0
Samuel Joffy,Bruce,4,2025,DNF,0.0,1,6.0,6.0,6.0,6.0,0.2,0.2,0.2,0.2,0,0.0,2.0,-1.136406907012496,-0.7051367751406492,-0.27386664326880245,-1.136406907012496,0.725,1.0,1.0,0.375,1.6666666666666667,1.0,1.0,2.0
Samuel MacRae,Fenner,5,2023,6,0.5,0,,,,,,,,,1,0.0,1.0,0.14439991180463374,0.14439991180463374,0.14439991180463374,0.14439991180463374,,,,,9.0,9.0,9.0,9.0
Samuel Moloney,Ursula,6,2022,3,0.75,0,,,,,,,,,1,0.0,1.0,-0.24,-0.24,-0.24,-0.24,,,,,,,,
Samuel Schmid,Griffin,5,2026,0,,0,,,,,,,,,1,0.0,1.0,0.09577562928667914,0.09577562928667914,0.09577562928667914,0.09577562928667914,0.3995098039215686,0.8235294117647058,0.8235294117647058,0.0,4.25,1.0,1.0,8.0
Samuel Szatmary Sullivan,Burgmann,1,2023,DNF,0.0,0,,,,,,,,,1,0.0,1.0,-3.0,-3.0,-3.0,-3.0,,,,,8.0,8.0,8.0,8.0
Samuel Szatmary Sullivan,Burgmann,1,2024,8,0.125,1,1.0,1.0,1.0,1.0,0.0,0.0,0.0,0.0,0,1.0,2.0,1.0896938959697147,-0.9551530520151427,1.0896938959697147,-3.0,0.0,0.0,0.0,0.0,9.5,11.0,8.0,11.0
Samuel Szatmary Sullivan,Div X6,5,2025,,,2,1.0,1.0,1.0,1.0,0.125,0.0625,0.125,0.0,0,1.0,2.0,1.0896938959697147,-0.9551530520151427,1.0896938959697147,-3.0,,,,,,,,
Sara Toyoda,Toad,6,2026,0,,0,,,,,,,,,1,0.0,1.0,0.4510677973542158,0.4510677973542158,0.4510677973542158,0.4510677973542158,,,,,,,,
Sarah Curtis,Johns,5,2023,1,1.0,0,,,,,,,,,1,0.0,,,,,,0.75,0.75,0.75,0.75,5.0,5.0,5.0,5.0
Sarah Curtis,Johns,4,2024,5,0.42857142857142855,1,5.0,5.0,5.0,5.0,1.0,1.0,1.0,1.0,0,0.0,1.0,-0.22884205726879991,-0.22884205726879991,-0.22884205726879991,-0.22884205726879991,0.25,0.25,0.25,0.25,5.0,5.0,5.0,5.0
Sarah Fisher,Wright,5,2026,0,,0,,,,,,,,,1,0.0,1.0,-0.4575946732585769,-0.4575946732585769,-0.4575946732585769,-0.4575946732585769,0.5879242081447964,0.5882352941176471,0.625,0.5384615384615384,8.25,6.0,6.0,11.0
Sarah Hamilton,BNG,7,2022,5,0.5555555555555556,0,,,,,,,,,1,0.0,,,,,,,,,,,,,
Sarah Munstermann,Burgmann,7,2023,8,0.3,0,,,,,,,,,1,0.0,,,,,,0.8888888888888888,0.8888888888888888,0.8888888888888888,0.8888888888888888,8.0,8.0,8.0,8.0
Sarah Munstermann,Burgmann,7,2024,3,0.75,1,7.0,7.0,7.0,7.0,0.3,0.3,0.3,0.3,0,0.0,,,,,,0.5944444444444444,0.3,0.8888888888888888,0.3,9.5,11.0,8.0,11.0
Sarah Turner,Bruce,6,2022,1,1.0,0,,,,,,,,,1,0.0,,,,,,,,,,,,,
Sarah Turner,Bruce,7,2023,5,0.6,1,6.0,6.0,6.0,6.0,1.0,1.0,1.0,1.0,0,0.0,,,,,,0.7777777777777778,0.7777777777777778,0.7777777777777778,0.7777777777777778,2.0,2.0,2.0,2.0
Sarah Wang,Bruce,4,2025,DNF,0.0,0,,,,,,,,,1,0.0,,,,,,0.725,1.0,1.0,0.375,1.6666666666666667,1.0,1.0,2.0
Sarah Wang,Bruce,5,2026,0,,1,4.0,4.0,4.0,4.0,0.0,0.0,0.0,0.0,0,1.0,1.0,1.6373071863770352,1.6373071863770352,1.6373071863770352,1.6373071863770352,0.8205882352941176,0.8823529411764706,1.0,0.4,3.0,7.0,1.0,7.0
Sasha Feldmann,Ursula,4,2025,DNF,0.0,0,,,,,,,,,1,0.0,,,,,,0.3452380952380952,0.2857142857142857,0.75,0.0,6.333333333333333,6.0,4.0,9.0
Sasha Feldmann,Ursula,2,2026,0,,1,4.0,4.0,4.0,4.0,0.0,0.0,0.0,0.0,0,1.0,3.0,0.30862533503183187,0.04525810224827002,0.30862533503183187,-0.426732458300917,0.25,0.0,0.5,0.0,6.75,8.0,4.0,9.0
Sasha Saulwick,Fenner,6,2024,2,0.8,0,,,,,,,,,1,0.0,1.0,0.33759661685965575,0.33759661685965575,0.33759661685965575,0.33759661685965575,0.2727272727272727,0.2727272727272727,0.2727272727272727,0.2727272727272727,6.0,3.0,3.0,9.0
Sasha Saulwick,Fenner,4,2025,3,0.75,1,6.0,6.0,6.0,6.0,0.8,0.8,0.8,0.8,0,0.0,2.0,-0.4382115842868329,-0.05030748371358856,0.33759661685965575,-0.4382115842868329,0.8571428571428572,0.7142857142857143,1.0,0.7142857142857143,5.0,3.0,3.0,9.0
Saskia Hughes,Yukeembruk,5,2024,DNF,0.0,0,,,,,,,,,1,0.0,1.0,-0.6713177623523002,-0.6713177623523002,-0.6713177623523002,-0.6713177623523002,0.8,0.8,0.8,0.8,7.0,7.0,7.0,7.0
Saskia Hughes,Yukeembruk,5,2025,11,0.4117647058823529,1,5.0,5.0,5.0,5.0,0.0,0.0,0.0,0.0,0,1.0,1.0,-0.6713177623523002,-0.6713177623523002,-0.6713177623523002,-0.6713177623523002,0.4,0.0,0.8,0.0,8.5,10.0,7.0,10.0
Saskia Hughes,Yukeembruk,3,2026,0,,2,5.0,5.0,5.0,5.0,0.4117647058823529,0.20588235294117646,0.4117647058823529,0.0,0,1.0,2.0,0.6491459318319351,-0.011085915260182544,0.6491459318319351,-0.6713177623523002,0.5875,0.375,0.8,0.375,8.666666666666666,9.0,7.0,10.0
Saskia Junge,BNG,1,2023,1,1.0,0,,,,,,,,,1,0.0,1.0,0.9714175885038993,0.9714175885038993,0.9714175885038993,0.9714175885038993,0.75,0.75,0.75,0.75,1.0,1.0,1.0,1.0
Saskia Newman,Bruce,7,2022,3,0.7777777777777778,0,,,,,,,,,1,0.0,1.0,-0.9,-0.9,-0.9,-0.9,,,,,,,,
Saskia Newman,Yukeembruk,7,2023,2,0.9,1,7.0,7.0,7.0,7.0,0.7777777777777778,0.7777777777777778,0.7777777777777778,0.7777777777777778,0,0.0,1.0,-0.9,-0.9,-0.9,-0.9,,,,,,,,
Saskia Newman,Yukeembruk,3,2024,2,0.8,2,7.0,7.0,7.0,7.0,0.9,0.8388888888888889,0.9,0.7777777777777778,0,0.0,1.0,-0.9,-0.9,-0.9,-0.9,,,,,7.0,7.0,7.0,7.0
Scarlett Cox,BNG,4,2025,1,1.0,0,,,,,,,,,1,0.0,,,,,,0.5476190476190476,0.14285714285714285,1.0,0.14285714285714285,1.3333333333333333,2.0,1.0,2.0
Scott Ferrageau de St Amand,Griffin,6,2024,1,1.0,0,,,,,,,,,1,0.0,,,,,,0.3693181818181818,0.36363636363636365,0.375,0.36363636363636365,5.5,8.0,3.0,8.0
Scout Hollyman,Wright,4,2023,DNF,0.0,0,,,,,,,,,1,0.0,1.0,-0.4069452059948766,-0.4069452059948766,-0.4069452059948766,-0.4069452059948766,,,,,6.0,6.0,6.0,6.0
Seb Addison,Div X1,2,2024,,,0,,,,,,,,,1,0.0,1.0,2.1816064822453596,2.1816064822453596,2.1816064822453596,2.1816064822453596,,,,,,,,
Seb Addison,Div X1,2,2025,,,1,2.0,2.0,2.0,2.0,,,,,0,0.0,2.0,2.2683026748751374,2.2249545785602485,2.2683026748751374,2.1816064822453596,,,,,,,,
Sharanya Sudarshan,Ursula,6,2026,0,,0,,,,,,,,,1,0.0,1.0,-1.090017876167441,-1.090017876167441,-1.090017876167441,-1.090017876167441,0.5880681818181819,0.875,0.875,0.0,6.75,8.0,4.0,9.0
Shi Qiu,Lodge,5,2026,0,,0,,,,,,,,,1,0.0,,,,,,0.7214177978883862,0.9411764705882353,0.9411764705882353,0.3,8.5,10.0,6.0,10.0
Sidney Edwards,BNG,7,2026,0,,0,,,,,,,,,1,0.0,1.0,-2.671075883439601,-2.671075883439601,-2.671075883439601,-2.671075883439601,0.797979797979798,0.6363636363636364,1.0,0.5555555555555556,2.25,5.0,1.0,5.0
Sidney Zhang,Wright,1,2026,0,,0,,,,,,,,,1,0.0,2.0,0.9258310831045632,0.8783727233259013,0.9258310831045632,0.8309143635472396,0.38888888888888884,0.1111111111111111,0.6666666666666666,0.1111111111111111,8.25,6.0,6.0,11.0
Sienna McRae,Wamburun,7,2024,DNF,0.0,0,,,,,,,,,1,0.0,,,,,,0.3611111111111111,0.5,0.5,0.2222222222222222,5.5,4.0,4.0,7.0
Sienna O'Dea,BNG,2,2022,2,0.5,0,,,,,,,,,1,0.0,1.0,0.62,0.62,0.62,0.62,,,,,,,,
Simarpreet Gill,Wamburun,7,2024,DNF,0.0,0,,,,,,,,,1,0.0,1.0,-0.426732458300917,-0.426732458300917,-0.426732458300917,-0.426732458300917,0.3611111111111111,0.5,0.5,0.2222222222222222,5.5,4.0,4.0,7.0
Simon Little,Wright,2,2023,DNF,0.0,0,,,,,,,,,1,0.0,,,,,,,,,,6.0,6.0,6.0,6.0
Simone Brysland,Griffin,7,2022,9,0.1111111111111111,0,,,,,,,,,1,0.0,,,,,,,,,,,,,
Simone Brysland,Griffin,6,2023,8,0.36363636363636365,1,7.0,7.0,7.0,7.0,0.1111111111111111,0.1111111111111111,0.1111111111111111,0.1111111111111111,0,0.0,1.0,-0.8137257052665456,-0.8137257052665456,-0.8137257052665456,-0.8137257052665456,0.375,0.375,0.375,0.375,3.0,3.0,3.0,3.0
Sissi Scott-Hickie,BNG,3,2022,2,0.8,0,,,,,,,,,1,0.0,1.0,-0.05,-0.05,-0.05,-0.05,,,,,,,,
Sophia Boyce,Griffin,7,2025,7,0.45454545454545453,0,,,,,,,,,1,0.0,1.0,-1.8413280537221703,-1.8413280537221703,-1.8413280537221703,-1.8413280537221703,0.3787037037037037,0.625,0.625,0.1111111111111111,5.333333333333333,5.0,3.0,8.0
Sophia Buller,Johns,6,2022,2,0.875,0,,,,,,,,,1,0.0,,,,,,,,,,,,,
Sophia Buller,Johns,5,2023,1,1.0,1,6.0,6.0,6.0,6.0,0.875,0.875,0.875,0.875,0,0.0,,,,,,0.75,0.75,0.75,0.75,5.0,5.0,5.0,5.0
Sophia Buller,Johns,3,2024,5,0.2,2,5.0,5.5,5.0,6.0,1.0,0.9375,1.0,0.875,0,0.0,1.0,-0.18763780873009633,-0.18763780873009633,-0.18763780873009633,-0.18763780873009633,0.2,0.0,0.4,0.0,5.0,5.0,5.0,5.0
Sophia Stevens,Ursula,4,2022,DQ,0.0,0,,,,,,,,,1,0.0,,,,,,,,,,,,,
Sophia Stevens,Div X1,5,2023,,,1,4.0,4.0,4.0,4.0,0.0,0.0,0.0,0.0,0,1.0,1.0,0.8433157309126021,0.8433157309126021,0.8433157309126021,0.8433157309126021,,,,,,,,
Sophie Halliday,Wright,5,2022,4,0.625,0,,,,,,,,,1,0.0,1.0,0.02,0.02,0.02,0.02,,,,,,,,
Sophie Halliday,Wright,3,2023,2,0.75,1,5.0,5.0,5.0,5.0,0.625,0.625,0.625,0.625,0,0.0,2.0,-0.4069452059948766,-0.1934726029974383,0.02,-0.4069452059948766,,,,,6.0,6.0,6.0,6.0
Sophie Halliday,Wright,5,2024,7,0.5384615384615384,2,3.0,4.0,3.0,5.0,0.75,0.6875,0.75,0.625,0,0.0,3.0,1.15150026877777,0.2548516875942978,1.15150026877777,-0.4069452059948766,0.6125,0.6,0.625,0.6,8.0,10.0,6.0,10.0
Sophie Holloway,Griffin,4,2023,4,0.625,0,,,,,,,,,1,0.0,,,,,,0.4,0.4,0.4,0.4,3.0,3.0,3.0,3.0
Sophie Radajewski,Griffin,3,2025,3,0.75,0,,,,,,,,,1,0.0,1.0,0.3597259273996393,0.3597259273996393,0.3597259273996393,0.3597259273996393,1.0,1.0,1.0,1.0,5.333333333333333,5.0,3.0,8.0
Sophie Radajewski,Griffin,2,2026,0,,1,3.0,3.0,3.0,3.0,0.75,0.75,0.75,0.75,0,0.0,2.0,1.0048839834681713,0.6823049554339053,1.0048839834681713,0.3597259273996393,0.625,1.0,1.0,0.0,4.25,1.0,1.0,8.0
Sophie Regan,Ursula,3,2025,DNF,0.0,0,,,,,,,,,1,0.0,,,,,,0.45,0.0,0.75,0.0,6.333333333333333,6.0,4.0,9.0
Sophie Waller,BNG,4,2026,0,,0,,,,,,,,,1,0.0,1.0,0.33293433037750314,0.33293433037750314,0.33293433037750314,0.33293433037750314,0.6607142857142857,1.0,1.0,0.14285714285714285,2.25,5.0,1.0,5.0
Sophie Way,Wamburun,5,2025,10,0.47058823529411764,0,,,,,,,,,1,0.0,,,,,,0.40320512820512816,0.38461538461538464,0.7,0.125,6.666666666666667,9.0,4.0,9.0
Stella Farrow,Burgmann,4,2026,0,,0,,,,,,,,,1,0.0,,,,,,0.35714285714285715,0.5,0.5714285714285714,0.0,6.25,2.0,2.0,11.0
Stella Holmes a Court,Fenner,6,2026,0,,0,,,,,,,,,1,0.0,,,,,,0.5867424242424243,0.6875,0.8,0.2727272727272727,4.5,3.0,3.0,9.0
Steph Jones,Griffin,7,2022,9,0.1111111111111111,0,,,,,,,,,1,0.0,1.0,-1.2,-1.2,-1.2,-1.2,,,,,,,,
Steph Jones,Griffin,5,2023,DNF,0.0,1,7.0,7.0,7.0,7.0,0.1111111111111111,0.1111111111111111,0.1111111111111111,0.1111111111111111,0,0.0,2.0,1.102228455315594,-0.04888577234220293,1.102228455315594,-1.2,0.375,0.375,0.375,0.375,3.0,3.0,3.0,3.0
Steph Jones,Griffin,6,2025,7,0.625,2,5.0,6.0,5.0,7.0,0.0,0.05555555555555555,0.1111111111111111,0.0,0,1.0,4.0,-3.0,-0.8352662562366964,1.102228455315594,-3.0,0.5795454545454546,1.0,1.0,0.36363636363636365,5.333333333333333,5.0,3.0,8.0
Steph Lee,Johns,5,2024,8,0.46153846153846156,0,,,,,,,,,1,0.0,1.0,-0.0846271873833374,-0.0846271873833374,-0.0846271873833374,-0.0846271873833374,0.875,1.0,1.0,0.75,5.0,5.0,5.0,5.0
Stephanie Bare,Bruce,4,2024,1,1.0,0,,,,,,,,,1,0.0,,,,,,0.5875,0.375,0.8,0.375,2.0,2.0,2.0,2.0
Stephanie Lunn,Griffin,7,2026,0,,0,,,,,,,,,1,0.0,1.0,0.13530207946848313,0.13530207946848313,0.13530207946848313,0.13530207946848313,0.3976641414141414,0.45454545454545453,0.625,0.1111111111111111,4.25,1.0,1.0,8.0
Stephanie Murray,Ursula,7,2022,6,0.4444444444444444,0,,,,,,,,,1,0.0,,,,,,,,,,,,,
Stephanie Wood,Johns,7,2024,6,0.375,0,,,,,,,,,1,0.0,1.0,-0.0846271873833374,-0.0846271873833374,-0.0846271873833374,-0.0846271873833374,0.43333333333333335,0.2,0.6666666666666666,0.2,5.0,5.0,5.0,5.0
Steve Phillips,BNG,5,2022,2,0.875,0,,,,,,,,,1,0.0,,,,,,,,,,,,,
Steve Phillips,BNG,2,2023,2,0.8333333333333334,1,5.0,5.0,5.0,5.0,0.875,0.875,0.875,0.875,0,0.0,1.0,0.9024994487789605,0.9024994487789605,0.9024994487789605,0.9024994487789605,0.5,0.5,0.5,0.5,1.0,1.0,1.0,1.0
Storm Hasemer,BNG,4,2026,0,,0,,,,,,,,,1,0.0,1.0,0.33293433037750314,0.33293433037750314,0.33293433037750314,0.33293433037750314,0.6607142857142857,1.0,1.0,0.14285714285714285,2.25,5.0,1.0,5.0
Sumi Kong,BNG,6,2024,3,0.6,0,,,,,,,,,1,0.0,1.0,-0.7324640883651461,-0.7324640883651461,-0.7324640883651461,-0.7324640883651461,0.7215909090909092,0.8181818181818182,0.8181818181818182,0.625,1.0,1.0,1.0,1.0
Summer Sivaraj,Wright,7,2026,0,,0,,,,,,,,,1,0.0,1.0,-1.4481650336109033,-1.4481650336109033,-1.4481650336109033,-1.4481650336109033,0.31287878787878787,0.8181818181818182,0.8181818181818182,0.0,8.25,6.0,6.0,11.0
Sybella Hawley,Burgmann,5,2026,0,,0,,,,,,,,,1,0.0,1.0,-1.090017876167441,-1.090017876167441,-1.090017876167441,-1.090017876167441,0.41657239819004527,0.6470588235294118,0.7692307692307693,0.0,6.25,2.0,2.0,11.0
Sybilla Delaney,Burgmann,1,2026,0,,0,,,,,,,,,1,0.0,1.0,-0.4035869765800878,-0.4035869765800878,-0.4035869765800878,-0.4035869765800878,0.15277777777777776,0.3333333333333333,0.3333333333333333,0.0,6.25,2.0,2.0,11.0
Sydney Richter,Bruce,5,2026,0,,0,,,,,,,,,1,0.0,1.0,0.5305665812865232,0.5305665812865232,0.5305665812865232,0.5305665812865232,0.8205882352941176,0.8823529411764706,1.0,0.4,3.0,7.0,1.0,7.0
Tabitha Stratton,Fenner,7,2025,8,0.36363636363636365,0,,,,,,,,,1,0.0,1.0,-0.18885611188481033,-0.18885611188481033,-0.18885611188481033,-0.18885611188481033,0.8916666666666666,0.875,1.0,0.8,5.0,3.0,3.0,9.0
Taffy Mills-Hicks,Yukeembruk,7,2024,DNF,0.0,0,,,,,,,,,1,0.0,1.0,-0.793610414377992,-0.793610414377992,-0.793610414377992,-0.793610414377992,0.9,0.9,0.9,0.9,7.0,7.0,7.0,7.0
Tali de Mestre,Wright,7,2022,7,0.3333333333333333,0,,,,,,,,,1,0.0,,,,,,,,,,,,,
Tash Rourke,BNG,5,2026,0,,0,,,,,,,,,1,0.0,,,,,,0.774066742081448,0.7058823529411765,0.9,0.6153846153846154,2.25,5.0,1.0,5.0
Taylor Deuchar,Burgmann,6,2025,1,1.0,0,,,,,,,,,1,0.0,1.0,-1.094122466704478,-1.094122466704478,-1.094122466704478,-1.094122466704478,0.17500000000000002,0.4,0.4,0.0,7.666666666666667,4.0,4.0,11.0
Terence Wiseham,Griffin,1,2022,1,1.0,0,,,,,,,,,1,0.0,,,,,,,,,,,,,
Terence Wiseham,Div X1,4,2023,,,1,1.0,1.0,1.0,1.0,1.0,1.0,1.0,1.0,0,0.0,1.0,1.361141179718586,1.361141179718586,1.361141179718586,1.361141179718586,,,,,,,,
Thea Hutchings,Ursula,4,2026,0,,0,,,,,,,,,1,0.0,1.0,0.016722728923071133,0.016722728923071133,0.016722728923071133,0.016722728923071133,0.2589285714285714,0.0,0.75,0.0,6.75,8.0,4.0,9.0
Theo Harkins,Griffin,6,2023,8,0.36363636363636365,0,,,,,,,,,1,0.0,2.0,-0.4512478911023571,-1.3250323649728213,-0.4512478911023571,-2.1988168388432854,0.375,0.375,0.375,0.375,3.0,3.0,3.0,3.0
Theo Harkins,Griffin,7,2024,4,0.625,1,6.0,6.0,6.0,6.0,0.36363636363636365,0.36363636363636365,0.36363636363636365,0.36363636363636365,0,0.0,3.0,-0.0640250631139856,-0.9046965976865428,-0.0640250631139856,-2.1988168388432854,0.25555555555555554,0.4,0.4,0.1111111111111111,5.5,8.0,3.0,8.0
Thilo Roehrich,Wamburun,7,2026,0,,0,,,,,,,,,1,0.0,,,,,,0.31691919191919193,0.5454545454545454,0.5454545454545454,0.0,7.75,11.0,4.0,11.0
Thomas Derwent,Wright,6,2023,DNF,0.0,0,,,,,,,,,1,0.0,2.0,-0.269108926544999,0.15044553672750047,0.57,-0.269108926544999,0.5,0.5,0.5,0.5,6.0,6.0,6.0,6.0
Thomas Derwent,Wright,7,2024,DNF,0.0,1,6.0,6.0,6.0,6.0,0.0,0.0,0.0,0.0,0,1.0,2.0,-0.269108926544999,0.15044553672750047,0.57,-0.269108926544999,0.21666666666666667,0.1,0.3333333333333333,0.1,8.0,10.0,6.0,10.0
Thomas Donda,Griffin,2,2024,2,0.875,0,,,,,,,,,1,0.0,3.0,1.6522426261358407,-0.12049435971023496,1.6522426261358407,-1.2,0.0,0.0,0.0,0.0,5.5,8.0,3.0,8.0
Thomas Dummel,Bruce,2,2025,DNF,0.0,0,,,,,,,,,1,0.0,1.0,0.06049936051721224,0.06049936051721224,0.06049936051721224,0.06049936051721224,1.0,1.0,1.0,1.0,1.6666666666666667,1.0,1.0,2.0
Thomas Dummel,Bruce,3,2026,0,,1,2.0,2.0,2.0,2.0,0.0,0.0,0.0,0.0,0,1.0,1.0,0.06049936051721224,0.06049936051721224,0.06049936051721224,0.06049936051721224,0.51875,0.875,1.0,0.0,3.0,7.0,1.0,7.0
Thomas Gleeson,Div X6,6,2025,,,0,,,,,,,,,1,0.0,,,,,,,,,,,,,
Thomas Leech,BNG,7,2024,1,1.0,0,,,,,,,,,1,0.0,1.0,1.621669463129418,1.621669463129418,1.621669463129418,1.621669463129418,0.7777777777777778,1.0,1.0,0.5555555555555556,1.0,1.0,1.0,1.0
Thomas Leech,BNG,4,2025,1,1.0,1,7.0,7.0,7.0,7.0,1.0,1.0,1.0,1.0,0,0.0,2.0,0.21011264395842577,0.9158910535439219,1.621669463129418,0.21011264395842577,0.5476190476190476,0.14285714285714285,1.0,0.14285714285714285,1.3333333333333333,2.0,1.0,2.0
Thomas Rollo,Wamburun,4,2026,0,,0,,,,,,,,,1,0.0,,,,,,0.6455357142857143,0.25,0.875,0.25,7.75,11.0,4.0,11.0
Thomas Skilbeck,Burgmann,5,2023,DNF,0.0,0,,,,,,,,,1,0.0,1.0,0.4808379167484136,0.4808379167484136,0.4808379167484136,0.4808379167484136,0.25,0.25,0.25,0.25,8.0,8.0,8.0,8.0
Tilly Wenck,Johns,5,2022,3,0.75,0,,,,,,,,,1,0.0,,,,,,,,,,,,,
Tilly Wenck,Johns,7,2023,9,0.2,1,5.0,5.0,5.0,5.0,0.75,0.75,0.75,0.75,0,0.0,1.0,0.35115433097945015,0.35115433097945015,0.35115433097945015,0.35115433097945015,0.6666666666666666,0.6666666666666666,0.6666666666666666,0.6666666666666666,5.0,5.0,5.0,5.0
Tim Lindley,Div X1,2,2023,,,0,,,,,,,,,1,0.0,2.0,1.8271840836439712,0.9168738579993637,1.8271840836439712,0.0065636323547561505,,,,,,,,
Timothy Memmolo,Griffin,7,2023,7,0.4,0,,,,,,,,,1,0.0,,,,,,0.1111111111111111,0.1111111111111111,0.1111111111111111,0.1111111111111111,3.0,3.0,3.0,3.0
Toby Hauber,Bruce,1,2023,3,0.3333333333333333,0,,,,,,,,,1,0.0,2.0,2.07410782410292,0.8920539120514599,2.07410782410292,-0.29,0.5,0.5,0.5,0.5,2.0,2.0,2.0,2.0
Toby Hauber,Bruce,1,2024,4,0.625,1,1.0,1.0,1.0,1.0,0.3333333333333333,0.3333333333333333,0.3333333333333333,0.3333333333333333,0,0.0,2.0,2.07410782410292,0.8920539120514599,2.07410782410292,-0.29,0.41666666666666663,0.3333333333333333,0.5,0.3333333333333333,2.0,2.0,2.0,2.0
Toby Hauber,Lodge,1,2025,3,0.7777777777777778,2,1.0,1.0,1.0,1.0,0.625,0.47916666666666663,0.625,0.3333333333333333,0,0.0,3.0,0.6589524942820664,0.8143534394616619,2.07410782410292,-0.29,0.75,0.75,0.75,0.75,8.0,8.0,6.0,10.0
Toby Hauber,Lodge,6,2026,0,,3,1.0,1.0,1.0,1.0,0.7777777777777778,0.5787037037037037,0.7777777777777778,0.3333333333333333,0,0.0,5.0,-0.10185662162234088,0.38752334403651145,2.07410782410292,-0.4035869765800878,0.26515151515151514,0.0,0.5454545454545454,0.0,8.5,10.0,6.0,10.0
Toby Kitchen,BNG,7,2022,5,0.5555555555555556,0,,,,,,,,,1,0.0,1.0,0.42,0.42,0.42,0.42,,,,,,,,
Toby Kitchen,BNG,4,2023,5,0.5,1,7.0,7.0,7.0,7.0,0.5555555555555556,0.5555555555555556,0.5555555555555556,0.5555555555555556,0,0.0,2.0,0.6957450296041441,0.557872514802072,0.6957450296041441,0.42,1.0,1.0,1.0,1.0,1.0,1.0,1.0,1.0
Toby Kitchen,BNG,6,2024,3,0.6,2,4.0,5.5,4.0,7.0,0.5,0.5277777777777778,0.5555555555555556,0.5,0,0.0,3.0,0.12358447581469537,0.41310983513961314,0.6957450296041441,0.12358447581469537,0.7215909090909092,0.8181818181818182,0.8181818181818182,0.625,1.0,1.0,1.0,1.0
Toby Lang,Griffin,1,2023,DNF,0.0,0,,,,,,,,,1,0.0,2.0,-0.13127264709512143,0.3643636764524393,0.86,-0.13127264709512143,1.0,1.0,1.0,1.0,3.0,3.0,3.0,3.0
Toby Lang,Griffin,1,2025,1,1.0,1,1.0,1.0,1.0,1.0,0.0,0.0,0.0,0.0,0,1.0,2.0,-0.13127264709512143,0.3643636764524393,0.86,-0.13127264709512143,0.6666666666666666,1.0,1.0,0.0,5.333333333333333,5.0,3.0,8.0
Toby Lang,Griffin,1,2026,0,,2,1.0,1.0,1.0,1.0,1.0,0.5,1.0,0.0,0,1.0,2.0,-0.13127264709512143,0.3643636764524393,0.86,-0.13127264709512143,0.75,1.0,1.0,0.0,4.25,1.0,1.0,8.0
Tom Buller,Johns,3,2025,5,0.5,0,,,,,,,,,1,0.0,1.0,0.3597259273996393,0.3597259273996393,0.3597259273996393,0.3597259273996393,0.20000000000000004,0.2,0.4,0.0,5.666666666666667,7.0,5.0,7.0
Tom Buller,Johns,1,2026,0,,1,3.0,3.0,3.0,3.0,0.5,0.5,0.5,0.5,0,0.0,2.0,0.6886723820137391,0.5241991547066892,0.6886723820137391,0.3597259273996393,0.26041666666666663,0.6666666666666666,0.6666666666666666,0.0,5.25,4.0,4.0,7.0
Tom Carlisle,Wright,5,2025,8,0.5882352941176471,0,,,,,,,,,1,0.0,1.0,-0.3384693953260239,-0.3384693953260239,-0.3384693953260239,-0.3384693953260239,0.5878205128205128,0.5384615384615384,0.625,0.5384615384615384,9.0,11.0,6.0,11.0
Tom Carlisle,Wright,3,2026,0,,1,5.0,5.0,5.0,5.0,0.5882352941176471,0.5882352941176471,0.5882352941176471,0.5882352941176471,0,0.0,2.0,-1.761967529258109,-1.0502184622920665,-0.3384693953260239,-1.761967529258109,0.625,0.125,1.0,0.125,8.25,6.0,6.0,11.0
Tom Curtis,BNG,5,2026,0,,0,,,,,,,,,1,0.0,1.0,0.09577562928667914,0.09577562928667914,0.09577562928667914,0.09577562928667914,0.774066742081448,0.7058823529411765,0.9,0.6153846153846154,2.25,5.0,1.0,5.0
Tom Delaney,Div X2,2,2025,,,0,,,,,,,,,1,0.0,,,,,,0.0,0.0,0.0,0.0,,,,
Tom Dunbabin,Div X2,5,2025,,,0,,,,,,,,,1,0.0,1.0,-1.136406907012496,-1.136406907012496,-1.136406907012496,-1.136406907012496,,,,,,,,
Tom Fullilove,Wright,7,2026,0,,0,,,,,,,,,1,0.0,,,,,,0.31287878787878787,0.8181818181818182,0.8181818181818182,0.0,8.25,6.0,6.0,11.0
Tom LaForgia,Bruce,2,2025,DNF,0.0,0,,,,,,,,,1,0.0,,,,,,1.0,1.0,1.0,1.0,1.6666666666666667,1.0,1.0,2.0
Tom Laforgia,Yukeembruk,3,2026,0,,0,,,,,,,,,1,0.0,,,,,,0.5875,0.375,0.8,0.375,8.666666666666666,9.0,7.0,10.0
Tom Livingstone,Ursula,3,2022,3,0.6,0,,,,,,,,,1,0.0,2.0,0.94,-0.13,0.94,-1.2,,,,,,,,
Tom Ludlow,Bruce,7,2022,3,0.7777777777777778,0,,,,,,,,,1,0.0,,,,,,,,,,,,,
Tom Neal,Ursula,4,2022,DQ,0.0,0,,,,,,,,,1,0.0,,,,,,,,,,,,,
Tom Neal,Ursula,4,2023,3,0.75,1,4.0,4.0,4.0,4.0,0.0,0.0,0.0,0.0,0,1.0,1.0,0.7915331860320038,0.7915331860320038,0.7915331860320038,0.7915331860320038,0.0,0.0,0.0,0.0,4.0,4.0,4.0,4.0
Tom Plaisted,BNG,7,2023,1,1.0,0,,,,,,,,,1,0.0,1.0,-0.33802706626993784,-0.33802706626993784,-0.33802706626993784,-0.33802706626993784,0.5555555555555556,0.5555555555555556,0.5555555555555556,0.5555555555555556,1.0,1.0,1.0,1.0
Tom Plaisted,BNG,5,2024,6,0.6153846153846154,1,7.0,7.0,7.0,7.0,1.0,1.0,1.0,1.0,0,0.0,1.0,-0.33802706626993784,-0.33802706626993784,-0.33802706626993784,-0.33802706626993784,0.8875,0.9,0.9,0.875,1.0,1.0,1.0,1.0
Tom Priestley,Ursula,5,2023,DNF,0.0,0,,,,,,,,,1,0.0,1.0,0.3254902821066185,0.3254902821066185,0.3254902821066185,0.3254902821066185,0.5,0.5,0.5,0.5,4.0,4.0,4.0,4.0
Tom Rollo,Wamburun,5,2025,10,0.47058823529411764,0,,,,,,,,,1,0.0,,,,,,0.40320512820512816,0.38461538461538464,0.7,0.125,6.666666666666667,9.0,4.0,9.0
Tom Ryan,Wamburun,3,2024,DNF,0.0,0,,,,,,,,,1,0.0,1.0,-0.426732458300917,-0.426732458300917,-0.426732458300917,-0.426732458300917,,,,,5.5,4.0,4.0,7.0
Tom Ryan,Wamburun,3,2025,DNF,0.0,1,3.0,3.0,3.0,3.0,0.0,0.0,0.0,0.0,0,1.0,1.0,-0.426732458300917,-0.426732458300917,-0.426732458300917,-0.426732458300917,0.0,0.0,0.0,0.0,6.666666666666667,9.0,4.0,9.0
Tom Skeffington,Johns,2,2023,3,0.6666666666666666,0,,,,,,,,,1,0.0,1.0,0.35115433097945015,0.35115433097945015,0.35115433097945015,0.35115433097945015,,,,,5.0,5.0,5.0,5.0
Tom Skeffington,Johns,1,2024,6,0.375,1,2.0,2.0,2.0,2.0,0.6666666666666666,0.6666666666666666,0.6666666666666666,0.6666666666666666,0,0.0,2.0,-0.18763780873009633,0.0817582611246769,0.35115433097945015,-0.18763780873009633,0.0,0.0,0.0,0.0,5.0,5.0,5.0,5.0
Tom Smith,Ursula,3,2025,DNF,0.0,0,,,,,,,,,1,0.0,1.0,0.45366053497502745,0.45366053497502745,0.45366053497502745,0.45366053497502745,0.45,0.0,0.75,0.0,6.333333333333333,6.0,4.0,9.0
Tom Vercoe,Fenner,4,2025,3,0.75,0,,,,,,,,,1,0.0,1.0,-0.4382115842868329,-0.4382115842868329,-0.4382115842868329,-0.4382115842868329,0.8571428571428572,0.7142857142857143,1.0,0.7142857142857143,5.0,3.0,3.0,9.0
Tom Vercoe,Fenner,3,2026,0,,1,4.0,4.0,4.0,4.0,0.75,0.75,0.75,0.75,0,0.0,2.0,-0.4180682230767729,-0.4281399036818029,-0.4180682230767729,-0.4382115842868329,0.4125,1.0,1.0,0.0,4.5,3.0,3.0,9.0
Tommi Silvester,Bruce,2,2022,1,1.0,0,,,,,,,,,1,0.0,1.0,-0.29,-0.29,-0.29,-0.29,,,,,,,,
Tommi Silvester,Lodge,2,2023,4,0.5,1,2.0,2.0,2.0,2.0,1.0,1.0,1.0,1.0,0,0.0,3.0,1.516488814360381,0.8934444603129507,1.516488814360381,-0.29,,,,,10.0,10.0,10.0,10.0
Tommi Silvester,Lodge,1,2024,3,0.75,2,2.0,2.0,2.0,2.0,0.5,0.75,1.0,0.5,0,0.0,4.0,0.9866832746229557,0.916754163890452,1.516488814360381,-0.29,,,,,8.0,6.0,6.0,10.0
Tommy Watts,Johns,7,2022,4,0.6666666666666666,0,,,,,,,,,1,0.0,,,,,,,,,,,,,
Tommy Watts,Johns,6,2023,7,0.45454545454545453,1,7.0,7.0,7.0,7.0,0.6666666666666666,0.6666666666666666,0.6666666666666666,0.6666666666666666,0,0.0,,,,,,0.875,0.875,0.875,0.875,5.0,5.0,5.0,5.0
Trenton Schulinus,Wamburun,3,2025,DNF,0.0,0,,,,,,,,,1,0.0,,,,,,0.0,0.0,0.0,0.0,6.666666666666667,9.0,4.0,9.0
Trenton Schulinus,Wamburun,2,2026,0,,1,3.0,3.0,3.0,3.0,0.0,0.0,0.0,0.0,0,1.0,2.0,0.35610615580595983,-0.3669558601807406,0.35610615580595983,-1.090017876167441,,,,,7.75,11.0,4.0,11.0
Trisha Nangia,Yukeembruk,7,2026,0,,0,,,,,,,,,1,0.0,1.0,-0.655226924167597,-0.655226924167597,-0.655226924167597,-0.655226924167597,0.3606060606060606,0.18181818181818182,0.9,0.0,8.666666666666666,9.0,7.0,10.0
Tristan Haywood,Yukeembruk,6,2025,8,0.5625,0,,,,,,,,,1,0.0,,,,,,0.36363636363636365,0.0,0.7272727272727273,0.0,8.5,10.0,7.0,10.0
Ulrika Wild,Fenner,2,2022,DNF,0.0,0,,,,,,,,,1,0.0,1.0,-1.39,-1.39,-1.39,-1.39,,,,,,,,
Ulrika Wilson,Fenner,2,2024,3,0.75,0,,,,,,,,,1,0.0,,,,,,0.16666666666666666,0.3333333333333333,0.3333333333333333,0.0,6.0,3.0,3.0,9.0
Urvansh Shah (Uru),Wamburun,1,2026,0,,0,,,,,,,,,1,0.0,,,,,,0.3472222222222222,0.4444444444444444,0.4444444444444444,0.25,7.75,11.0,4.0,11.0
Val Holland,Wright,4,2025,8,0.125,0,,,,,,,,,1,0.0,2.0,0.11037045499761675,-0.11827321234458447,0.11037045499761675,-0.3469168796867857,0.0,0.0,0.0,0.0,9.0,11.0,6.0,11.0
Vicentia Stroe,Lodge,5,2025,2,0.9411764705882353,0,,,,,,,,,1,0.0,1.0,-0.08005774146618132,-0.08005774146618132,-0.08005774146618132,-0.08005774146618132,0.6115384615384616,0.9230769230769231,0.9230769230769231,0.3,8.0,8.0,6.0,10.0
Victor Serendeco,BNG,4,2026,0,,0,,,,,,,,,1,0.0,,,,,,0.6607142857142857,1.0,1.0,0.14285714285714285,2.25,5.0,1.0,5.0
Victoria Xu,Div X2,5,2025,,,0,,,,,,,,,1,0.0,,,,,,,,,,,,,
Viggo Klasson,Lodge,5,2025,2,0.9411764705882353,0,,,,,,,,,1,0.0,1.0,-0.3883404898064284,-0.3883404898064284,-0.3883404898064284,-0.3883404898064284,0.6115384615384616,0.9230769230769231,0.9230769230769231,0.3,8.0,8.0,6.0,10.0
Will Backwell,Johns,5,2022,3,0.75,0,,,,,,,,,1,0.0,,,,,,,,,,,,,
Will Darlow,Burgmann,6,2025,1,1.0,0,,,,,,,,,1,0.0,1.0,0.45366053497502745,0.45366053497502745,0.45366053497502745,0.45366053497502745,0.17500000000000002,0.4,0.4,0.0,7.666666666666667,4.0,4.0,11.0
Will Gardiner,Ursula,4,2023,3,0.75,0,,,,,,,,,1,0.0,,,,,,0.0,0.0,0.0,0.0,4.0,4.0,4.0,4.0
Will Gardiner,Ursula,2,2024,5,0.5,1,4.0,4.0,4.0,4.0,0.75,0.75,0.75,0.75,0,0.0,,,,,,,,,,6.5,9.0,4.0,9.0
Will Hardman,Div X1,6,2025,,,0,,,,,,,,,1,0.0,,,,,,,,,,,,,
Will Maxwell,Bruce,2,2023,1,1.0,0,,,,,,,,,1,0.0,1.0,2.211944103552798,2.211944103552798,2.211944103552798,2.211944103552798,1.0,1.0,1.0,1.0,2.0,2.0,2.0,2.0
Will Rumsby,Wright,7,2023,10,0.1,0,,,,,,,,,1,0.0,,,,,,0.3333333333333333,0.3333333333333333,0.3333333333333333,0.3333333333333333,6.0,6.0,6.0,6.0
William Burfoot,Fenner,2,2022,DNF,0.0,0,,,,,,,,,1,0.0,1.0,-1.25,-1.25,-1.25,-1.25,,,,,,,,
William Burfoot,Fenner,7,2023,3,0.8,1,2.0,2.0,2.0,2.0,0.0,0.0,0.0,0.0,0,1.0,1.0,-1.25,-1.25,-1.25,-1.25,1.0,1.0,1.0,1.0,9.0,9.0,9.0,9.0
William Key,Yukeembruk,4,2024,DNF,0.0,0,,,,,,,,,1,0.0,,,,,,,,,,7.0,7.0,7.0,7.0
William Smith,Ursula,3,2023,2,0.75,0,,,,,,,,,1,0.0,1.0,-0.062354507370182645,-0.062354507370182645,-0.062354507370182645,-0.062354507370182645,0.6,0.6,0.6,0.6,4.0,4.0,4.0,4.0
William Smith,Ursula,3,2024,DNF,0.0,1,3.0,3.0,3.0,3.0,0.75,0.75,0.75,0.75,0,0.0,2.0,0.7188556591213825,0.3282505758755999,0.7188556591213825,-0.062354507370182645,0.675,0.75,0.75,0.6,6.5,9.0,4.0,9.0
William Thompson,Griffin,7,2022,9,0.1111111111111111,0,,,,,,,,,1,0.0,,,,,,,,,,,,,
William Tudehope,Ursula,4,2022,DQ,0.0,0,,,,,,,,,1,0.0,,,,,,,,,,,,,
William Tudehope,Div X1,5,2023,,,1,4.0,4.0,4.0,4.0,0.0,0.0,0.0,0.0,0,1.0,1.0,0.8433157309126021,0.8433157309126021,0.8433157309126021,0.8433157309126021,,,,,,,,
Wyatt Raynal,Wright,5,2022,4,0.625,0,,,,,,,,,1,0.0,,,,,,,,,,,,,
Wyatt Raynal,Wright,3,2023,2,0.75,1,5.0,5.0,5.0,5.0,0.625,0.625,0.625,0.625,0,0.0,,,,,,,,,,6.0,6.0,6.0,6.0
Xavier Madden,BNG,2,2022,2,0.5,0,,,,,,,,,1,0.0,,,,,,,,,,,,,
Xavier Madden,BNG,1,2023,1,1.0,1,2.0,2.0,2.0,2.0,0.5,0.5,0.5,0.5,0,0.0,1.0,0.9714175885038993,0.9714175885038993,0.9714175885038993,0.9714175885038993,0.75,0.75,0.75,0.75,1.0,1.0,1.0,1.0
Yanglu Liu,Lodge,7,2025,9,0.2727272727272727,0,,,,,,,,,1,0.0,,,,,,0.5375,0.375,0.7,0.375,8.0,8.0,6.0,10.0
Zac Hall-Johnston,Johns,6,2024,DNF,0.0,0,,,,,,,,,1,0.0,,,,,,0.6647727272727273,0.45454545454545453,0.875,0.45454545454545453,5.0,5.0,5.0,5.0
Zac Needham,Griffin,3,2025,3,0.75,0,,,,,,,,,1,0.0,1.0,0.8806351561279945,0.8806351561279945,0.8806351561279945,0.8806351561279945,1.0,1.0,1.0,1.0,5.333333333333333,5.0,3.0,8.0
Zara McCaughey,Johns,7,2026,0,,0,,,,,,,,,1,0.0,,,,,,0.4922348484848485,0.7272727272727273,0.7272727272727273,0.2,5.25,4.0,4.0,7.0
Zhanyuan Shao (January),Wamburun,5,2026,0,,0,,,,,,,,,1,0.0,,,,,,0.42005090497737557,0.47058823529411764,0.7,0.125,7.75,11.0,4.0,11.0
Zhihang Lu,Lodge,7,2026,0,,0,,,,,,,,,1,0.0,1.0,-0.10185662162234088,-0.10185662162234088,-0.10185662162234088,-0.10185662162234088,0.4492424242424242,0.2727272727272727,0.7,0.2727272727272727,8.5,10.0,6.0,10.0
Zoe Crabbe,Johns,3,2026,0,,0,,,,,,,,,1,0.0,1.0,0.6886723820137391,0.6886723820137391,0.6886723820137391,0.6886723820137391,0.275,0.5,0.5,0.0,5.25,4.0,4.0,7.0
Zoe Crooke,BNG,4,2022,1,1.0,0,,,,,,,,,1,0.0,1.0,0.52,0.52,0.52,0.52,,,,,,,,
Zoe Gray,Fenner,3,2026,0,,0,,,,,,,,,1,0.0,1.0,0.29340788019569913,0.29340788019569913,0.29340788019569913,0.29340788019569913,0.4125,1.0,1.0,0.0,4.5,3.0,3.0,9.0
Zoe Kendall,Burgmann,7,2026,0,,0,,,,,,,,,1,0.0,,,,,,0.7119949494949495,0.9090909090909091,0.9090909090909091,0.3,6.25,2.0,2.0,11.0
Zoe O'Dwyer,BNG,4,2022,1,1.0,0,,,,,,,,,1,0.0,1.0,-0.82,-0.82,-0.82,-0.82,,,,,,,,
Zoe O'Dwyer,BNG,4,2023,5,0.5,1,4.0,4.0,4.0,4.0,1.0,1.0,1.0,1.0,0,0.0,2.0,0.5579087501542666,-0.1310456249228667,0.5579087501542666,-0.82,1.0,1.0,1.0,1.0,1.0,1.0,1.0,1.0
Zoe Wang,Wright,7,2024,DNF,0.0,0,,,,,,,,,1,0.0,,,,,,0.21666666666666667,0.1,0.3333333333333333,0.1,8.0,10.0,6.0,10.0
Zoe Wang,Wright,6,2025,5,0.75,1,7.0,7.0,7.0,7.0,0.0,0.0,0.0,0.0,0,1.0,1.0,1.2542379496368405,1.2542379496368405,1.2542379496368405,1.2542379496368405,0.16666666666666666,0.0,0.5,0.0,9.0,11.0,6.0,11.0
